-0.4870605468750000,-0.2232666015625000,0.0970458984375000,-0.3137207031250000,-0.0180358886718750,-0.0093231201171875,-0.1123657226562500,-0.1400146484375000,-0.0593872070312500
-0.3852539062500000,-0.2624511718750000,0.1519775390625000,-0.2863769531250000,-0.0603637695312500,0.0282897949218750,-0.1785888671875000,-0.1059570312500000,0.0066795349121094
-1.0917968750000000,-1.0048828125000000,-0.4484863281250000,-0.9824218750000000,-0.5981445312500000,-0.4726562500000000,-0.6840820312500000,-0.5961914062500000,-0.3935546875000000
-0.7988281250000000,-0.5688476562500000,-0.2822265625000000,-0.5273437500000000,-0.4643554687500000,-0.5297851562500000,-0.6567382812500000,-0.6376953125000000,-0.4975585937500000
1.0175781250000000,1.0341796875000000,0.7084960937500000,0.9277343750000000,0.7192382812500000,0.6650390625000000,0.6137695312500000,0.5502929687500000,0.4902343750000000
-0.5234375000000000,-0.7202148437500000,-0.2332763671875000,-0.6181640625000000,-0.4187011718750000,-0.3078613281250000,-0.5131835937500000,-0.3774414062500000,-0.3161621093750000
-1.5947265625000000,-1.3603515625000000,-0.7709960937500000,-1.4326171875000000,-0.9716796875000000,-0.9008789062500000,-1.0615234375000000,-1.0585937500000000,-0.7661132812500000
-0.0919799804687500,0.1129760742187500,0.1506347656250000,0.0463256835937500,0.0146942138671875,0.0173950195312500,-0.1271972656250000,-0.1151123046875000,-0.0337524414062500
-0.5131835937500000,-0.4321289062500000,-0.2641601562500000,-0.4631347656250000,-0.4467773437500000,-0.2244873046875000,-0.4396972656250000,-0.3598632812500000,-0.2495117187500000
-0.4277343750000000,-0.3212890625000000,-0.0465393066406250,-0.3894042968750000,-0.1899414062500000,-0.0207519531250000,-0.2653808593750000,-0.1955566406250000,-0.0903320312500000
-0.9238281250000000,-0.7436523437500000,-0.2856445312500000,-0.6206054687500000,-0.2539062500000000,-0.2492675781250000,-0.0690307617187500,-0.1146240234375000,-0.0986938476562500
-1.1933593750000000,-0.8876953125000000,-0.6040039062500000,-0.8652343750000000,-0.6953125000000000,-0.5776367187500000,-0.7270507812500000,-0.7060546875000000,-0.5141601562500000
-1.0205078125000000,-0.8857421875000000,-0.5888671875000000,-0.9414062500000000,-0.7529296875000000,-0.7504882812500000,-0.7998046875000000,-0.7636718750000000,-0.6191406250000000
-0.9414062500000000,-0.9794921875000000,-0.6147460937500000,-1.0039062500000000,-0.7612304687500000,-0.6318359375000000,-0.7866210937500000,-0.7788085937500000,-0.6225585937500000
-0.3017578125000000,-0.1743164062500000,-0.0885620117187500,-0.2388916015625000,-0.3000488281250000,-0.2072753906250000,-0.3566894531250000,-0.3525390625000000,-0.2517089843750000
-0.4614257812500000,-0.5781250000000000,-0.2988281250000000,-0.6049804687500000,-0.4140625000000000,-0.4440917968750000,-0.6591796875000000,-0.6958007812500000,-0.5747070312500000
1.2617187500000000,1.2294921875000000,0.8652343750000000,1.1865234375000000,0.8979492187500000,0.7978515625000000,0.7939453125000000,0.7636718750000000,0.6997070312500000
-0.0660400390625000,0.0032596588134766,-0.0836791992187500,-0.2048339843750000,-0.3735351562500000,-0.1904296875000000,-0.5600585937500000,-0.4323730468750000,-0.3378906250000000
-0.4755859375000000,-0.3598632812500000,-0.0938110351562500,-0.3583984375000000,-0.1578369140625000,-0.1286621093750000,-0.0648803710937500,-0.0306396484375000,-0.0399169921875000
-1.1591796875000000,-0.9086914062500000,-0.4057617187500000,-0.8505859375000000,-0.5942382812500000,-0.3850097656250000,-0.6958007812500000,-0.4655761718750000,-0.2619628906250000
-0.3718261718750000,-0.2246093750000000,0.1281738281250000,-0.1999511718750000,-0.0343017578125000,0.0695800781250000,-0.1071166992187500,-0.0697021484375000,0.0134735107421875
-0.3984375000000000,-0.1704101562500000,0.0161285400390625,-0.0695190429687500,0.1162109375000000,0.1707763671875000,0.2067871093750000,0.2301025390625000,0.2310791015625000
0.3344726562500000,0.5664062500000000,0.2124023437500000,0.5380859375000000,0.2866210937500000,0.3522949218750000,0.4023437500000000,0.3820800781250000,0.3664550781250000
0.3403320312500000,0.4626464843750000,0.4946289062500000,0.5190429687500000,0.6596679687500000,0.5058593750000000,0.7412109375000000,0.6518554687500000,0.5283203125000000
-0.0949096679687500,0.1579589843750000,0.0770263671875000,0.0272827148437500,0.0010910034179688,-0.0071182250976562,0.0204467773437500,-0.0176391601562500,0.0288543701171875
-0.1423339843750000,-0.1414794921875000,0.3149414062500000,-0.1046752929687500,0.3754882812500000,0.4233398437500000,0.4660644531250000,0.4663085937500000,0.4401855468750000
1.1943359375000000,1.1513671875000000,1.0957031250000000,1.1210937500000000,1.1865234375000000,1.1513671875000000,1.2041015625000000,1.2099609375000000,1.1074218750000000
0.1865234375000000,0.3081054687500000,0.1337890625000000,0.2890625000000000,0.1757812500000000,0.1437988281250000,0.2492675781250000,0.2225341796875000,0.1606445312500000
-0.2529296875000000,-0.3139648437500000,0.1195068359375000,-0.3395996093750000,-0.0184936523437500,0.0613403320312500,-0.1798095703125000,-0.0668945312500000,0.0343933105468750
1.3623046875000000,1.3935546875000000,1.3515625000000000,1.3476562500000000,1.4433593750000000,1.2910156250000000,1.4365234375000000,1.2910156250000000,1.1718750000000000
0.6484375000000000,0.7529296875000000,0.7568359375000000,0.6831054687500000,0.6606445312500000,0.6406250000000000,0.7475585937500000,0.6372070312500000,0.6000976562500000
1.2470703125000000,1.2597656250000000,1.2773437500000000,1.1972656250000000,1.2255859375000000,1.2333984375000000,1.1171875000000000,1.1347656250000000,1.0859375000000000
0.5283203125000000,0.5634765625000000,0.2622070312500000,0.4641113281250000,0.2551269531250000,0.3227539062500000,0.0118789672851562,0.0996704101562500,0.1473388671875000
-1.5800781250000000,-1.4443359375000000,-0.6811523437500000,-1.2822265625000000,-0.8505859375000000,-0.5927734375000000,-0.9023437500000000,-0.7358398437500000,-0.5415039062500000
-1.4375000000000000,-1.2792968750000000,-0.8300781250000000,-1.1582031250000000,-0.7612304687500000,-0.6660156250000000,-0.6074218750000000,-0.4853515625000000,-0.4650878906250000
0.2673339843750000,0.4099121093750000,0.1680908203125000,0.3425292968750000,0.0658569335937500,0.0828247070312500,0.0312194824218750,0.0620422363281250,0.1403808593750000
-1.1660156250000000,-0.9570312500000000,-0.3767089843750000,-0.9814453125000000,-0.5336914062500000,-0.5136718750000000,-0.6708984375000000,-0.6152343750000000,-0.4538574218750000
0.4851074218750000,0.6079101562500000,0.6450195312500000,0.5815429687500000,0.6289062500000000,0.6088867187500000,0.5488281250000000,0.6162109375000000,0.5698242187500000
0.7290039062500000,0.8129882812500000,0.7709960937500000,0.8535156250000000,0.9252929687500000,0.8730468750000000,1.0703125000000000,1.0253906250000000,0.9697265625000000
0.0853881835937500,-0.0533447265625000,0.0389709472656250,0.0027103424072266,0.2154541015625000,0.0942382812500000,0.4619140625000000,0.3117675781250000,0.1646728515625000
-1.8339843750000000,-1.7900390625000000,-1.2675781250000000,-1.7734375000000000,-1.4853515625000000,-1.3115234375000000,-1.6259765625000000,-1.5566406250000000,-1.2353515625000000
-0.4548339843750000,-0.5000000000000000,-0.2788085937500000,-0.4641113281250000,-0.3891601562500000,-0.3525390625000000,-0.4428710937500000,-0.4187011718750000,-0.3183593750000000
0.8452148437500000,0.7744140625000000,0.8920898437500000,0.8989257812500000,1.1269531250000000,0.8950195312500000,1.2402343750000000,1.1210937500000000,0.9296875000000000
0.6376953125000000,0.8432617187500000,0.8095703125000000,0.8691406250000000,0.8935546875000000,0.8300781250000000,0.8779296875000000,0.8310546875000000,0.8247070312500000
-1.2373046875000000,-1.1435546875000000,-0.6982421875000000,-1.0136718750000000,-0.5878906250000000,-0.6152343750000000,-0.3623046875000000,-0.4291992187500000,-0.4001464843750000
-0.0091629028320312,0.1441650390625000,0.1649169921875000,0.2083740234375000,0.2902832031250000,0.2824707031250000,0.5195312500000000,0.4479980468750000,0.3764648437500000
-0.2291259765625000,-0.1909179687500000,0.2196044921875000,-0.0518188476562500,0.0911254882812500,0.1228637695312500,0.0275573730468750,0.0349426269531250,0.0220336914062500
-0.9404296875000000,-0.6220703125000000,-0.4052734375000000,-0.7216796875000000,-0.6665039062500000,-0.5898437500000000,-0.7954101562500000,-0.7451171875000000,-0.5683593750000000
-0.5903320312500000,-0.3447265625000000,-0.2200927734375000,-0.4492187500000000,-0.4250488281250000,-0.3095703125000000,-0.5585937500000000,-0.4760742187500000,-0.2934570312500000
-0.7807617187500000,-0.4694824218750000,-0.0929565429687500,-0.4934082031250000,-0.1450195312500000,-0.0462341308593750,-0.1972656250000000,-0.0574340820312500,0.0576782226562500
-0.1215820312500000,-0.1597900390625000,0.1152343750000000,-0.1298828125000000,0.2340087890625000,0.0944824218750000,0.1500244140625000,0.1611328125000000,0.1805419921875000
0.1751708984375000,0.2061767578125000,0.3630371093750000,0.2551269531250000,0.4294433593750000,0.3515625000000000,0.4201660156250000,0.3732910156250000,0.3283691406250000
-0.8344726562500000,-0.7558593750000000,-0.4614257812500000,-0.7719726562500000,-0.6660156250000000,-0.5380859375000000,-0.7231445312500000,-0.7514648437500000,-0.5991210937500000
-0.6391601562500000,-0.6015625000000000,-0.3659667968750000,-0.6596679687500000,-0.6254882812500000,-0.5004882812500000,-0.7128906250000000,-0.7001953125000000,-0.5649414062500000
0.1094970703125000,0.2541503906250000,0.5620117187500000,0.3535156250000000,0.5297851562500000,0.4245605468750000,0.5073242187500000,0.4445800781250000,0.4104003906250000
-0.4626464843750000,-0.1796875000000000,0.0180816650390625,-0.2342529296875000,-0.0062446594238281,0.0312194824218750,-0.0914916992187500,-0.0569763183593750,0.0563049316406250
0.1433105468750000,0.1356201171875000,0.2064208984375000,0.2927246093750000,0.3371582031250000,0.2160644531250000,0.3969726562500000,0.3383789062500000,0.2783203125000000
1.2031250000000000,1.2167968750000000,1.1074218750000000,1.2304687500000000,1.2753906250000000,1.1074218750000000,1.3701171875000000,1.2587890625000000,1.0673828125000000
-0.8930664062500000,-0.7407226562500000,-0.2695312500000000,-0.6147460937500000,-0.4047851562500000,-0.3708496093750000,-0.4909667968750000,-0.4060058593750000,-0.2619628906250000
-0.0247802734375000,0.0873413085937500,0.1810302734375000,0.1004028320312500,0.1915283203125000,0.1254882812500000,0.1325683593750000,0.0939941406250000,0.0830078125000000
-0.9545898437500000,-0.9545898437500000,-0.5327148437500000,-1.0751953125000000,-0.7919921875000000,-0.6889648437500000,-1.1152343750000000,-0.9633789062500000,-0.7641601562500000
-1.5341796875000000,-1.4404296875000000,-0.7978515625000000,-1.6914062500000000,-1.2705078125000000,-1.0087890625000000,-1.5947265625000000,-1.4453125000000000,-1.0556640625000000
-1.6250000000000000,-1.7822265625000000,-1.1298828125000000,-1.8457031250000000,-1.4443359375000000,-1.3623046875000000,-1.6279296875000000,-1.6093750000000000,-1.3662109375000000
-0.1662597656250000,-0.2587890625000000,0.1188354492187500,-0.2458496093750000,0.0104598999023438,0.0062675476074219,-0.0044212341308594,-0.0844726562500000,-0.1033935546875000
-0.4794921875000000,-0.4533691406250000,-0.4636230468750000,-0.5146484375000000,-0.5385742187500000,-0.4523925781250000,-0.7255859375000000,-0.6093750000000000,-0.4426269531250000
-0.0556030273437500,0.0805664062500000,0.2893066406250000,0.2292480468750000,0.5922851562500000,0.3864746093750000,0.8618164062500000,0.7612304687500000,0.5708007812500000
0.9882812500000000,0.8857421875000000,1.0537109375000000,1.0498046875000000,1.1484375000000000,0.9882812500000000,1.0234375000000000,1.0156250000000000,0.9140625000000000
0.4719238281250000,0.4150390625000000,0.5317382812500000,0.3095703125000000,0.4616699218750000,0.4035644531250000,0.2819824218750000,0.3012695312500000,0.3027343750000000
-0.2047119140625000,-0.0064620971679688,-0.0355529785156250,-0.1723632812500000,-0.1575927734375000,-0.1060791015625000,-0.2583007812500000,-0.2357177734375000,-0.1430664062500000
-0.7539062500000000,-0.5991210937500000,-0.2590332031250000,-0.5541992187500000,-0.3793945312500000,-0.3078613281250000,-0.3950195312500000,-0.4145507812500000,-0.2519531250000000
-1.3251953125000000,-1.2099609375000000,-0.5791015625000000,-1.3173828125000000,-0.9956054687500000,-0.8715820312500000,-1.0771484375000000,-1.1083984375000000,-0.9472656250000000
-0.2622070312500000,0.1003417968750000,0.1759033203125000,0.0162811279296875,-0.0526123046875000,0.0189971923828125,-0.1621093750000000,-0.1419677734375000,-0.0152511596679688
-1.6406250000000000,-1.4521484375000000,-0.9980468750000000,-1.5683593750000000,-1.2890625000000000,-1.1171875000000000,-1.4716796875000000,-1.3134765625000000,-1.0800781250000000
-1.7998046875000000,-1.6767578125000000,-0.9541015625000000,-1.6748046875000000,-1.2119140625000000,-0.9370117187500000,-1.2021484375000000,-1.0449218750000000,-0.7724609375000000
1.3251953125000000,1.2490234375000000,1.2041015625000000,1.3300781250000000,1.3974609375000000,1.2539062500000000,1.3583984375000000,1.2832031250000000,1.1787109375000000
-0.6855468750000000,-0.7456054687500000,-0.3278808593750000,-0.6274414062500000,-0.3100585937500000,-0.2839355468750000,-0.3044433593750000,-0.2362060546875000,-0.1838378906250000
-1.3945312500000000,-1.4130859375000000,-0.9316406250000000,-1.3193359375000000,-1.0097656250000000,-0.9077148437500000,-1.0214843750000000,-0.9204101562500000,-0.7299804687500000
-0.2729492187500000,-0.4421386718750000,0.0706787109375000,-0.4567871093750000,-0.2255859375000000,-0.1623535156250000,-0.4946289062500000,-0.4233398437500000,-0.3791503906250000
-0.6850585937500000,-0.6396484375000000,-0.4702148437500000,-0.8085937500000000,-0.4272460937500000,-0.4345703125000000,-0.2316894531250000,-0.2858886718750000,-0.2624511718750000
-0.2122802734375000,-0.3137207031250000,-0.0454101562500000,-0.3452148437500000,-0.0507202148437500,-0.0609741210937500,-0.0982055664062500,-0.1589355468750000,-0.1268310546875000
-0.3596191406250000,-0.3459472656250000,-0.0939331054687500,-0.2445068359375000,0.0559692382812500,-0.0187835693359375,0.2543945312500000,0.1892089843750000,0.1582031250000000
-0.5170898437500000,-0.4245605468750000,-0.0624084472656250,-0.3996582031250000,-0.1486816406250000,-0.1154785156250000,-0.2171630859375000,-0.2150878906250000,-0.1584472656250000
-0.8652343750000000,-0.7041015625000000,-0.3666992187500000,-0.6865234375000000,-0.4643554687500000,-0.3872070312500000,-0.4516601562500000,-0.4201660156250000,-0.3242187500000000
0.3520507812500000,0.4396972656250000,0.3232421875000000,0.5410156250000000,0.5341796875000000,0.4650878906250000,0.5800781250000000,0.6396484375000000,0.5541992187500000
-0.0604553222656250,0.2368164062500000,-0.0756835937500000,-0.0140304565429688,-0.2080078125000000,-0.1234741210937500,-0.3828125000000000,-0.2705078125000000,-0.1387939453125000
-0.1838378906250000,0.0136337280273438,-0.2161865234375000,-0.2130126953125000,-0.3911132812500000,-0.2629394531250000,-0.6118164062500000,-0.4882812500000000,-0.2812500000000000
-1.5244140625000000,-1.5791015625000000,-1.0195312500000000,-1.6035156250000000,-1.2304687500000000,-1.1201171875000000,-1.1796875000000000,-1.1298828125000000,-0.9658203125000000
1.4423828125000000,1.4550781250000000,0.8125000000000000,1.3291015625000000,0.8549804687500000,0.7885742187500000,0.7397460937500000,0.7314453125000000,0.6352539062500000
-0.6752929687500000,-0.8496093750000000,-0.4323730468750000,-0.5688476562500000,-0.4755859375000000,-0.4306640625000000,-0.4460449218750000,-0.4304199218750000,-0.3493652343750000
-0.1633300781250000,-0.2486572265625000,-0.0101394653320312,-0.1954345703125000,-0.0216674804687500,-0.0355529785156250,-0.0828857421875000,-0.1326904296875000,-0.1107788085937500
-0.1684570312500000,-0.3012695312500000,0.1086425781250000,-0.1452636718750000,0.2010498046875000,0.1313476562500000,0.3586425781250000,0.2729492187500000,0.2161865234375000
-1.0292968750000000,-1.0957031250000000,-0.7089843750000000,-1.0556640625000000,-1.0009765625000000,-0.8237304687500000,-1.1552734375000000,-0.9794921875000000,-0.7661132812500000
-0.1110839843750000,-0.0366210937500000,-0.1639404296875000,-0.1596679687500000,-0.0448608398437500,-0.1167602539062500,0.2316894531250000,0.1608886718750000,0.0201263427734375
-0.7998046875000000,-0.7768554687500000,-0.3491210937500000,-0.7788085937500000,-0.5224609375000000,-0.4243164062500000,-0.4926757812500000,-0.5170898437500000,-0.3474121093750000
-0.0453796386718750,-0.0136566162109375,0.1224365234375000,-0.1735839843750000,0.0236358642578125,-0.0246276855468750,-0.0348510742187500,-0.0747070312500000,-0.0499572753906250
-0.3850097656250000,-0.5166015625000000,-0.3395996093750000,-0.6264648437500000,-0.4963378906250000,-0.4006347656250000,-0.4975585937500000,-0.5009765625000000,-0.3393554687500000
-0.1057128906250000,0.0161590576171875,-0.1531982421875000,-0.0748291015625000,-0.2080078125000000,-0.2224121093750000,-0.3146972656250000,-0.3337402343750000,-0.2702636718750000
-0.3034667968750000,-0.1225585937500000,0.0299835205078125,-0.2683105468750000,-0.1274414062500000,-0.0166168212890625,-0.2690429687500000,-0.2187500000000000,-0.0844726562500000
-1.8261718750000000,-1.8828125000000000,-1.2695312500000000,-1.9248046875000000,-1.5966796875000000,-1.3710937500000000,-1.6933593750000000,-1.5859375000000000,-1.3261718750000000
-1.2910156250000000,-1.3808593750000000,-0.9399414062500000,-1.3935546875000000,-1.0888671875000000,-0.8666992187500000,-1.1953125000000000,-1.0498046875000000,-0.8623046875000000
-1.7480468750000000,-1.6738281250000000,-1.1552734375000000,-1.6103515625000000,-1.3378906250000000,-1.1494140625000000,-1.5683593750000000,-1.4101562500000000,-1.1425781250000000
-0.2648925781250000,-0.2890625000000000,-0.1112060546875000,-0.2641601562500000,-0.0889892578125000,-0.0748901367187500,-0.0242767333984375,0.0286102294921875,-0.0164031982421875
0.4384765625000000,0.3957519531250000,0.4782714843750000,0.4111328125000000,0.5024414062500000,0.5288085937500000,0.4431152343750000,0.4919433593750000,0.4985351562500000
0.7783203125000000,0.8574218750000000,0.7094726562500000,0.7348632812500000,0.8090820312500000,0.7353515625000000,0.9218750000000000,0.8642578125000000,0.7504882812500000
0.8212890625000000,0.8061523437500000,0.6606445312500000,0.7666015625000000,0.5512695312500000,0.5605468750000000,0.4978027343750000,0.5092773437500000,0.4812011718750000
-0.8051757812500000,-0.9189453125000000,-0.3737792968750000,-0.8227539062500000,-0.7036132812500000,-0.4677734375000000,-0.8691406250000000,-0.7143554687500000,-0.5366210937500000
1.4033203125000000,1.4501953125000000,0.9653320312500000,1.2988281250000000,0.9218750000000000,0.9360351562500000,0.7446289062500000,0.8422851562500000,0.7744140625000000
-0.1649169921875000,-0.2110595703125000,-0.0948486328125000,-0.0527038574218750,0.0317382812500000,0.0215759277343750,0.2261962890625000,0.3056640625000000,0.2697753906250000
0.8930664062500000,1.0283203125000000,0.4106445312500000,0.8916015625000000,0.4645996093750000,0.4128417968750000,0.4475097656250000,0.4438476562500000,0.4375000000000000
-0.7055664062500000,-0.4592285156250000,-0.2059326171875000,-0.6318359375000000,-0.4392089843750000,-0.2705078125000000,-0.5766601562500000,-0.4289550781250000,-0.2514648437500000
-0.6098632812500000,-0.3608398437500000,-0.1853027343750000,-0.4487304687500000,-0.2033691406250000,-0.1754150390625000,-0.2111816406250000,-0.1813964843750000,-0.0823974609375000
-1.1542968750000000,-1.1708984375000000,-0.8178710937500000,-1.0986328125000000,-0.9189453125000000,-0.7968750000000000,-0.7758789062500000,-0.6801757812500000,-0.6074218750000000
-1.0019531250000000,-1.2001953125000000,-0.8183593750000000,-1.0664062500000000,-0.9838867187500000,-0.7719726562500000,-1.1367187500000000,-1.0000000000000000,-0.7714843750000000
-1.0527343750000000,-1.1806640625000000,-0.6845703125000000,-1.2119140625000000,-0.9775390625000000,-0.9101562500000000,-1.1816406250000000,-1.0976562500000000,-0.9946289062500000
-0.6064453125000000,-0.4506835937500000,-0.0625610351562500,-0.5546875000000000,-0.3015136718750000,-0.1468505859375000,-0.5400390625000000,-0.3591308593750000,-0.1975097656250000
-0.3784179687500000,-0.3923339843750000,-0.2045898437500000,-0.4829101562500000,-0.4025878906250000,-0.2915039062500000,-0.5688476562500000,-0.4465332031250000,-0.3222656250000000
-0.2071533203125000,-0.2293701171875000,0.0776977539062500,-0.2275390625000000,0.0872192382812500,0.0591125488281250,0.0032825469970703,0.0488281250000000,0.0112609863281250
-0.8051757812500000,-0.5410156250000000,-0.2807617187500000,-0.6777343750000000,-0.4677734375000000,-0.2426757812500000,-0.5434570312500000,-0.4553222656250000,-0.3032226562500000
-1.2568359375000000,-1.1933593750000000,-0.7114257812500000,-1.2773437500000000,-0.8520507812500000,-0.8027343750000000,-0.8759765625000000,-0.7993164062500000,-0.6469726562500000
-0.9814453125000000,-0.9472656250000000,-0.7900390625000000,-1.1220703125000000,-0.9506835937500000,-0.8642578125000000,-1.1201171875000000,-0.9643554687500000,-0.6752929687500000
-1.1689453125000000,-0.8930664062500000,-0.6401367187500000,-0.9521484375000000,-0.8686523437500000,-0.7070312500000000,-0.9350585937500000,-0.8300781250000000,-0.6713867187500000
0.6684570312500000,0.8354492187500000,0.5332031250000000,0.7148437500000000,0.4616699218750000,0.4619140625000000,0.2729492187500000,0.3588867187500000,0.3747558593750000
-1.8808593750000000,-1.8642578125000000,-1.2460937500000000,-1.8818359375000000,-1.5312500000000000,-1.3271484375000000,-1.6728515625000000,-1.4951171875000000,-1.2421875000000000
1.2285156250000000,1.2851562500000000,0.7993164062500000,1.1796875000000000,0.8872070312500000,0.7968750000000000,0.7836914062500000,0.7568359375000000,0.6914062500000000
0.9687500000000000,0.9155273437500000,0.8193359375000000,0.8637695312500000,0.8710937500000000,0.7167968750000000,0.8881835937500000,0.7187500000000000,0.5893554687500000
-1.0498046875000000,-1.0371093750000000,-0.5380859375000000,-1.0371093750000000,-0.7353515625000000,-0.6416015625000000,-0.8398437500000000,-0.8154296875000000,-0.6391601562500000
1.5791015625000000,1.6386718750000000,1.3105468750000000,1.6464843750000000,1.5615234375000000,1.4472656250000000,1.5263671875000000,1.4677734375000000,1.3691406250000000
0.4008789062500000,0.4973144531250000,0.3757324218750000,0.2622070312500000,0.2893066406250000,0.3125000000000000,0.3105468750000000,0.2844238281250000,0.2858886718750000
-0.9721679687500000,-0.9985351562500000,-0.5810546875000000,-1.0810546875000000,-0.9345703125000000,-0.6918945312500000,-1.0507812500000000,-0.9091796875000000,-0.6586914062500000
0.7392578125000000,0.7919921875000000,0.8320312500000000,0.6992187500000000,0.8583984375000000,0.7431640625000000,0.8583984375000000,0.7377929687500000,0.6162109375000000
-0.2666015625000000,-0.3005371093750000,-0.0822753906250000,-0.3242187500000000,-0.2235107421875000,-0.1960449218750000,-0.2326660156250000,-0.1872558593750000,-0.2310791015625000
1.6953125000000000,1.8027343750000000,0.9692382812500000,1.6777343750000000,1.0664062500000000,0.9838867187500000,1.0185546875000000,0.9565429687500000,0.9121093750000000
0.7221679687500000,0.6884765625000000,0.4580078125000000,0.6240234375000000,0.4790039062500000,0.4147949218750000,0.2919921875000000,0.2963867187500000,0.3159179687500000
-0.6181640625000000,-0.4487304687500000,-0.1401367187500000,-0.5551757812500000,-0.4807128906250000,-0.2878417968750000,-0.4621582031250000,-0.3427734375000000,-0.2174072265625000
0.8500976562500000,0.8974609375000000,0.3034667968750000,0.7358398437500000,0.1484375000000000,0.2030029296875000,0.0061798095703125,0.0639038085937500,0.1325683593750000
1.5634765625000000,1.5761718750000000,0.8833007812500000,1.5205078125000000,1.1054687500000000,1.0351562500000000,1.2373046875000000,1.1367187500000000,1.0214843750000000
1.6123046875000000,1.7011718750000000,1.4042968750000000,1.5957031250000000,1.6337890625000000,1.5087890625000000,1.7705078125000000,1.7177734375000000,1.5009765625000000
0.1362304687500000,0.0556945800781250,0.2122802734375000,0.1503906250000000,0.2353515625000000,0.1267089843750000,0.4973144531250000,0.4084472656250000,0.2277832031250000
-0.0736083984375000,-0.1176757812500000,0.0268096923828125,-0.0465087890625000,0.0430603027343750,0.0773315429687500,0.0885009765625000,0.1448974609375000,0.1645507812500000
0.9418945312500000,1.0898437500000000,0.9145507812500000,0.9248046875000000,0.9589843750000000,0.9594726562500000,0.9150390625000000,0.9062500000000000,0.8813476562500000
-0.5615234375000000,-0.7416992187500000,-0.2253417968750000,-0.8007812500000000,-0.6098632812500000,-0.5122070312500000,-0.8354492187500000,-0.7783203125000000,-0.6499023437500000
0.5888671875000000,0.4587402343750000,0.4924316406250000,0.3171386718750000,0.3674316406250000,0.4174804687500000,0.1037597656250000,0.1934814453125000,0.2646484375000000
1.6777343750000000,1.5996093750000000,1.1386718750000000,1.5576171875000000,1.2109375000000000,1.0859375000000000,1.1708984375000000,1.1181640625000000,1.0205078125000000
-0.6372070312500000,-0.9472656250000000,-0.4899902343750000,-0.7158203125000000,-0.4575195312500000,-0.4326171875000000,-0.2453613281250000,-0.1419677734375000,-0.1502685546875000
-1.4150390625000000,-1.3613281250000000,-1.3310546875000000,-1.4550781250000000,-1.4013671875000000,-1.4306640625000000,-1.5253906250000000,-1.3369140625000000,-1.3564453125000000
-0.9272460937500000,-0.9765625000000000,-0.8725585937500000,-0.8564453125000000,-0.9423828125000000,-0.8579101562500000,-0.8208007812500000,-0.6894531250000000,-0.6445312500000000
0.5097656250000000,0.6616210937500000,0.6079101562500000,0.5815429687500000,0.6596679687500000,0.6079101562500000,0.6669921875000000,0.6567382812500000,0.5971679687500000
0.4055175781250000,0.3737792968750000,0.3281250000000000,0.4975585937500000,0.4980468750000000,0.3972167968750000,0.5395507812500000,0.5239257812500000,0.4523925781250000
1.7783203125000000,1.7568359375000000,1.6083984375000000,1.6669921875000000,1.4912109375000000,1.4755859375000000,1.3105468750000000,1.3281250000000000,1.2578125000000000
-1.0605468750000000,-1.1162109375000000,-0.7983398437500000,-1.1455078125000000,-0.9589843750000000,-0.9370117187500000,-1.1005859375000000,-1.0546875000000000,-0.9990234375000000
-0.8413085937500000,-0.6298828125000000,-0.2445068359375000,-0.7988281250000000,-0.3923339843750000,-0.3278808593750000,-0.5458984375000000,-0.4560546875000000,-0.3786621093750000
0.8334960937500000,0.6279296875000000,0.6567382812500000,0.7856445312500000,0.6425781250000000,0.5400390625000000,0.7988281250000000,0.7192382812500000,0.6098632812500000
0.4050292968750000,0.3615722656250000,0.6757812500000000,0.2293701171875000,0.6259765625000000,0.4560546875000000,0.5307617187500000,0.4868164062500000,0.3518066406250000
0.3234863281250000,0.4475097656250000,0.5395507812500000,0.3002929687500000,0.5971679687500000,0.5170898437500000,0.5273437500000000,0.5195312500000000,0.4873046875000000
1.2968750000000000,1.3105468750000000,0.8349609375000000,1.1738281250000000,1.0107421875000000,0.8232421875000000,1.0214843750000000,0.9057617187500000,0.8066406250000000
-0.8090820312500000,-0.6796875000000000,-0.6728515625000000,-0.8535156250000000,-0.6005859375000000,-0.6596679687500000,-0.5605468750000000,-0.6040039062500000,-0.4748535156250000
0.0809326171875000,0.2507324218750000,0.1147460937500000,-0.0690917968750000,0.0243225097656250,0.0387878417968750,-0.1257324218750000,-0.1563720703125000,-0.0922851562500000
-0.4165039062500000,-0.2353515625000000,-0.3979492187500000,-0.3771972656250000,-0.4321289062500000,-0.4462890625000000,-0.4597167968750000,-0.4265136718750000,-0.4101562500000000
1.2314453125000000,1.1767578125000000,0.3369140625000000,1.1250000000000000,0.2871093750000000,0.2590332031250000,0.2646484375000000,0.2653808593750000,0.2631835937500000
1.2333984375000000,0.9594726562500000,0.6923828125000000,0.8837890625000000,0.6704101562500000,0.3447265625000000,0.7397460937500000,0.5957031250000000,0.3864746093750000
1.8164062500000000,1.7626953125000000,1.1269531250000000,1.7685546875000000,1.3007812500000000,1.2158203125000000,1.4208984375000000,1.3808593750000000,1.2333984375000000
0.8339843750000000,0.8452148437500000,0.7993164062500000,0.7744140625000000,0.7226562500000000,0.7397460937500000,0.6684570312500000,0.7016601562500000,0.6699218750000000
2.2167968750000000,2.2480468750000000,2.1503906250000000,2.1914062500000000,2.1250000000000000,2.1015625000000000,2.0449218750000000,2.0585937500000000,2.0039062500000000
1.8955078125000000,1.8417968750000000,1.5419921875000000,1.8203125000000000,1.4882812500000000,1.5097656250000000,1.2988281250000000,1.3583984375000000,1.3525390625000000
0.9672851562500000,1.2148437500000000,0.8940429687500000,0.9560546875000000,0.8510742187500000,0.8901367187500000,0.7646484375000000,0.8930664062500000,0.8627929687500000
0.5561523437500000,0.5537109375000000,0.4941406250000000,0.5175781250000000,0.4816894531250000,0.4414062500000000,0.3730468750000000,0.3454589843750000,0.3159179687500000
1.1845703125000000,1.2353515625000000,1.1855468750000000,1.2001953125000000,1.1132812500000000,1.0703125000000000,1.0800781250000000,1.1406250000000000,1.0576171875000000
0.8325195312500000,0.7539062500000000,0.0899047851562500,0.7734375000000000,0.2739257812500000,0.1004638671875000,0.2685546875000000,0.2269287109375000,0.1333007812500000
0.3376464843750000,0.1925048828125000,-0.1083984375000000,0.3095703125000000,0.0910644531250000,-0.0581054687500000,0.2202148437500000,0.1723632812500000,0.0731201171875000
1.4482421875000000,1.4023437500000000,1.2597656250000000,1.4052734375000000,1.3056640625000000,1.2080078125000000,1.2773437500000000,1.2539062500000000,1.1484375000000000
-0.5615234375000000,-0.6406250000000000,-0.7607421875000000,-0.5883789062500000,-0.7553710937500000,-0.8911132812500000,-0.6274414062500000,-0.7104492187500000,-0.6757812500000000
1.4589843750000000,1.2470703125000000,0.7241210937500000,1.4404296875000000,0.9907226562500000,0.8466796875000000,1.1513671875000000,1.0625000000000000,0.9038085937500000
0.1267089843750000,-0.0393066406250000,-0.3415527343750000,0.0726318359375000,-0.2055664062500000,-0.2487792968750000,-0.2746582031250000,-0.2482910156250000,-0.2644042968750000
-0.8862304687500000,-0.8437500000000000,-0.8007812500000000,-0.7856445312500000,-0.8657226562500000,-0.8603515625000000,-0.9145507812500000,-0.8662109375000000,-0.8193359375000000
-1.1191406250000000,-0.8959960937500000,-0.6914062500000000,-1.1748046875000000,-0.9174804687500000,-0.8432617187500000,-1.0869140625000000,-0.9682617187500000,-0.8916015625000000
-0.6420898437500000,-0.6098632812500000,-0.7509765625000000,-0.6088867187500000,-0.6621093750000000,-0.7543945312500000,-0.4980468750000000,-0.4584960937500000,-0.5444335937500000
-0.1999511718750000,-0.3269042968750000,-0.3671875000000000,-0.1364746093750000,-0.3017578125000000,-0.3483886718750000,-0.2827148437500000,-0.2585449218750000,-0.2290039062500000
-0.7060546875000000,-0.7495117187500000,-0.6918945312500000,-0.6694335937500000,-0.8427734375000000,-0.8076171875000000,-0.8579101562500000,-0.8813476562500000,-0.7368164062500000
0.6118164062500000,0.6772460937500000,0.5527343750000000,0.5083007812500000,0.4594726562500000,0.4399414062500000,0.1918945312500000,0.2230224609375000,0.2150878906250000
-0.3161621093750000,-0.2393798828125000,-0.1738281250000000,-0.2395019531250000,-0.1623535156250000,-0.2220458984375000,-0.2404785156250000,-0.2187500000000000,-0.1999511718750000
-0.2502441406250000,-0.0436706542968750,-0.2393798828125000,-0.0519409179687500,-0.2868652343750000,-0.3239746093750000,-0.2988281250000000,-0.3273925781250000,-0.2795410156250000
-1.4052734375000000,-1.3369140625000000,-0.8725585937500000,-1.3691406250000000,-1.1679687500000000,-0.9633789062500000,-1.0761718750000000,-0.9672851562500000,-0.7387695312500000
-1.0820312500000000,-0.9204101562500000,-0.8251953125000000,-0.9462890625000000,-0.9384765625000000,-0.8442382812500000,-0.9648437500000000,-0.9057617187500000,-0.7949218750000000
-0.6591796875000000,-0.7412109375000000,-0.6059570312500000,-0.6752929687500000,-0.6489257812500000,-0.5996093750000000,-0.6855468750000000,-0.7172851562500000,-0.6025390625000000
-0.5024414062500000,-0.5932617187500000,-0.6669921875000000,-0.4138183593750000,-0.5024414062500000,-0.5488281250000000,-0.4150390625000000,-0.4030761718750000,-0.3515625000000000
-1.1738281250000000,-1.3203125000000000,-1.1679687500000000,-1.2880859375000000,-1.2167968750000000,-1.1542968750000000,-1.2226562500000000,-1.1796875000000000,-1.1318359375000000
-1.9941406250000000,-1.9570312500000000,-1.7412109375000000,-1.9472656250000000,-1.9335937500000000,-1.7373046875000000,-1.9013671875000000,-1.7714843750000000,-1.5751953125000000
-1.0664062500000000,-1.1933593750000000,-1.0927734375000000,-0.9482421875000000,-0.9873046875000000,-0.9902343750000000,-0.8750000000000000,-0.8344726562500000,-0.7690429687500000
-0.0847778320312500,-0.0412902832031250,-0.3051757812500000,-0.1091308593750000,-0.5468750000000000,-0.4904785156250000,-0.7343750000000000,-0.6723632812500000,-0.5581054687500000
-1.9394531250000000,-1.9228515625000000,-1.7001953125000000,-1.6845703125000000,-1.7656250000000000,-1.6035156250000000,-1.6201171875000000,-1.6132812500000000,-1.4443359375000000
-0.8217773437500000,-0.4367675781250000,-0.5595703125000000,-0.5727539062500000,-0.6625976562500000,-0.5981445312500000,-0.7714843750000000,-0.7402343750000000,-0.6381835937500000
-0.1567382812500000,-0.1245727539062500,-0.0339660644531250,0.0235748291015625,0.0366516113281250,0.0189971923828125,0.0243377685546875,0.0459289550781250,0.0342712402343750
-0.5766601562500000,-0.1436767578125000,-0.1579589843750000,-0.5166015625000000,-0.2824707031250000,-0.1899414062500000,-0.5292968750000000,-0.5024414062500000,-0.3659667968750000
0.4887695312500000,0.5043945312500000,0.3789062500000000,0.5371093750000000,0.3981933593750000,0.3688964843750000,0.2971191406250000,0.2985839843750000,0.2973632812500000
-1.0566406250000000,-0.9946289062500000,-0.7968750000000000,-0.8964843750000000,-0.7602539062500000,-0.8002929687500000,-0.4182128906250000,-0.4697265625000000,-0.5014648437500000
0.6958007812500000,0.9345703125000000,1.0166015625000000,0.6689453125000000,0.9584960937500000,0.9819335937500000,0.8251953125000000,0.8457031250000000,0.8212890625000000
-1.4482421875000000,-1.4179687500000000,-1.4052734375000000,-1.4052734375000000,-1.4501953125000000,-1.3876953125000000,-1.4921875000000000,-1.4980468750000000,-1.3496093750000000
0.8115234375000000,1.0556640625000000,1.2363281250000000,0.8613281250000000,1.2187500000000000,1.1806640625000000,1.1494140625000000,1.1396484375000000,1.1259765625000000
-0.3608398437500000,-0.3352050781250000,0.0679931640625000,-0.3708496093750000,-0.1143798828125000,-0.1573486328125000,-0.1542968750000000,-0.2084960937500000,-0.0952148437500000
-0.8125000000000000,-0.7465820312500000,-0.6582031250000000,-0.7690429687500000,-0.6694335937500000,-0.5927734375000000,-0.6723632812500000,-0.6704101562500000,-0.5566406250000000
-0.4448242187500000,-0.5932617187500000,-0.5971679687500000,-0.3620605468750000,-0.4143066406250000,-0.4794921875000000,-0.3222656250000000,-0.3208007812500000,-0.3681640625000000
-0.9731445312500000,-1.1826171875000000,-0.9843750000000000,-1.0292968750000000,-1.1796875000000000,-0.9897460937500000,-1.1757812500000000,-1.1650390625000000,-1.0273437500000000
-1.7919921875000000,-1.8164062500000000,-1.5947265625000000,-1.8515625000000000,-1.6826171875000000,-1.5302734375000000,-1.6445312500000000,-1.5322265625000000,-1.4033203125000000
-0.9370117187500000,-0.8969726562500000,-0.8188476562500000,-0.7592773437500000,-0.7241210937500000,-0.7456054687500000,-0.5527343750000000,-0.5385742187500000,-0.5429687500000000
0.3493652343750000,0.1945800781250000,0.2017822265625000,0.2626953125000000,0.3669433593750000,0.2463378906250000,0.4008789062500000,0.3371582031250000,0.2907714843750000
0.6166992187500000,0.7128906250000000,0.5258789062500000,0.6328125000000000,0.5834960937500000,0.5522460937500000,0.5112304687500000,0.5122070312500000,0.5546875000000000
-1.3925781250000000,-1.4599609375000000,-1.2460937500000000,-1.3007812500000000,-1.3261718750000000,-1.2900390625000000,-1.0400390625000000,-1.0361328125000000,-0.9804687500000000
-0.9638671875000000,-1.0458984375000000,-0.7958984375000000,-0.9501953125000000,-0.7573242187500000,-0.7407226562500000,-0.5595703125000000,-0.6269531250000000,-0.5537109375000000
0.2011718750000000,0.3203125000000000,0.2585449218750000,0.4187011718750000,0.4360351562500000,0.4399414062500000,0.5341796875000000,0.5483398437500000,0.5405273437500000
0.2230224609375000,-0.1076049804687500,0.0148544311523438,0.2680664062500000,0.1232910156250000,0.0501098632812500,0.2368164062500000,0.2529296875000000,0.1497802734375000
-2.0937500000000000,-2.0683593750000000,-1.8642578125000000,-2.0097656250000000,-1.9189453125000000,-1.7460937500000000,-1.8251953125000000,-1.7099609375000000,-1.5458984375000000
-0.1541748046875000,-0.2115478515625000,-0.2683105468750000,-0.2094726562500000,-0.4550781250000000,-0.3894042968750000,-0.5742187500000000,-0.5854492187500000,-0.4875488281250000
1.2314453125000000,1.3115234375000000,0.8330078125000000,1.3320312500000000,1.1005859375000000,0.9218750000000000,1.3173828125000000,1.2285156250000000,1.0917968750000000
-1.5302734375000000,-1.6513671875000000,-1.2529296875000000,-1.5615234375000000,-1.3623046875000000,-1.2695312500000000,-1.2480468750000000,-1.1904296875000000,-1.0791015625000000
0.2639160156250000,0.2006835937500000,0.1591796875000000,0.2478027343750000,0.1926269531250000,0.1787109375000000,0.3815917968750000,0.3496093750000000,0.2719726562500000
-0.1594238281250000,0.1542968750000000,0.4648437500000000,-0.1232299804687500,0.3117675781250000,0.4079589843750000,0.2539062500000000,0.2783203125000000,0.2722167968750000
-0.0755004882812500,-0.0243530273437500,-0.1437988281250000,-0.0767211914062500,-0.1480712890625000,-0.0782470703125000,-0.2358398437500000,-0.1237792968750000,-0.0398254394531250
-0.6455078125000000,-0.5478515625000000,0.0299835205078125,-0.5380859375000000,0.0361022949218750,0.1370849609375000,0.0838623046875000,0.1647949218750000,0.2147216796875000
0.5683593750000000,0.6870117187500000,0.9750976562500000,0.4831542968750000,0.8745117187500000,0.9082031250000000,0.7656250000000000,0.7836914062500000,0.8027343750000000
1.4912109375000000,1.6054687500000000,1.6181640625000000,1.4453125000000000,1.6123046875000000,1.5693359375000000,1.4667968750000000,1.4482421875000000,1.3896484375000000
0.5375976562500000,0.3798828125000000,0.2739257812500000,0.5395507812500000,0.2854003906250000,0.2692871093750000,0.3154296875000000,0.2871093750000000,0.2888183593750000
0.9677734375000000,0.8417968750000000,0.7890625000000000,1.3535156250000000,1.2539062500000000,1.0703125000000000,1.5976562500000000,1.5253906250000000,1.3662109375000000
0.1704101562500000,-0.0853881835937500,0.1167602539062500,0.1462402343750000,0.0626220703125000,0.0748291015625000,0.2215576171875000,0.2420654296875000,0.1904296875000000
-1.2041015625000000,-1.3203125000000000,-1.2060546875000000,-1.1142578125000000,-1.1064453125000000,-1.0859375000000000,-1.0244140625000000,-1.0087890625000000,-0.9257812500000000
1.8359375000000000,1.9687500000000000,2.1367187500000000,1.8291015625000000,2.0605468750000000,2.0566406250000000,1.8408203125000000,1.8828125000000000,1.8876953125000000
-0.9790039062500000,-0.9721679687500000,-0.8828125000000000,-0.8251953125000000,-0.8056640625000000,-0.7387695312500000,-0.4873046875000000,-0.5874023437500000,-0.5727539062500000
0.1417236328125000,0.1322021484375000,0.2292480468750000,0.1816406250000000,0.3918457031250000,0.3908691406250000,0.3535156250000000,0.3588867187500000,0.3925781250000000
0.6850585937500000,0.7055664062500000,1.0507812500000000,0.6240234375000000,0.9643554687500000,0.8891601562500000,0.8193359375000000,0.7558593750000000,0.7460937500000000
-1.1689453125000000,-0.9926757812500000,-0.6118164062500000,-1.1132812500000000,-0.5405273437500000,-0.5405273437500000,-0.4272460937500000,-0.4609375000000000,-0.3964843750000000
-0.4372558593750000,-0.5292968750000000,-0.2059326171875000,-0.5336914062500000,-0.3154296875000000,-0.3356933593750000,-0.4711914062500000,-0.4978027343750000,-0.4360351562500000
0.1901855468750000,0.1058349609375000,0.0670776367187500,0.3364257812500000,0.3132324218750000,0.3012695312500000,0.4157714843750000,0.4184570312500000,0.4228515625000000
0.2736816406250000,0.2333984375000000,-0.0269317626953125,0.1530761718750000,-0.0270233154296875,0.0232849121093750,-0.0935058593750000,-0.0461425781250000,-0.0308685302734375
-0.6635742187500000,-0.5131835937500000,-0.3879394531250000,-0.7187500000000000,-0.3977050781250000,-0.3251953125000000,-0.3796386718750000,-0.4145507812500000,-0.3515625000000000
-1.2343750000000000,-1.3417968750000000,-1.0791015625000000,-1.1064453125000000,-0.9707031250000000,-1.0185546875000000,-1.0078125000000000,-0.9096679687500000,-0.8896484375000000
-0.8159179687500000,-0.8227539062500000,-0.8120117187500000,-0.8637695312500000,-0.8833007812500000,-0.7832031250000000,-0.8359375000000000,-0.7612304687500000,-0.6552734375000000
-1.2519531250000000,-1.2998046875000000,-1.1191406250000000,-1.2851562500000000,-1.1640625000000000,-1.0185546875000000,-1.0810546875000000,-1.0224609375000000,-0.8398437500000000
-1.6953125000000000,-1.7509765625000000,-1.5761718750000000,-1.7089843750000000,-1.7050781250000000,-1.5830078125000000,-1.6601562500000000,-1.6884765625000000,-1.5058593750000000
1.2910156250000000,1.1689453125000000,1.1210937500000000,1.3525390625000000,1.2304687500000000,1.1552734375000000,1.2138671875000000,1.2031250000000000,1.0966796875000000
1.1289062500000000,1.1523437500000000,1.1787109375000000,1.0927734375000000,1.0576171875000000,1.1250000000000000,0.9008789062500000,0.9497070312500000,0.9682617187500000
1.2626953125000000,1.2285156250000000,0.5395507812500000,1.2832031250000000,0.4892578125000000,0.5122070312500000,0.5966796875000000,0.5830078125000000,0.5039062500000000
0.2770996093750000,0.4978027343750000,0.2612304687500000,0.4606933593750000,0.3444824218750000,0.3862304687500000,0.3354492187500000,0.3771972656250000,0.3764648437500000
0.0507202148437500,0.2365722656250000,0.4050292968750000,0.0996093750000000,0.5327148437500000,0.4836425781250000,0.5488281250000000,0.5366210937500000,0.5000000000000000
0.1062622070312500,-0.0062217712402344,-0.0734863281250000,0.0535888671875000,-0.1431884765625000,-0.1221923828125000,-0.1629638671875000,-0.2197265625000000,-0.1800537109375000
0.0597229003906250,0.4738769531250000,0.6352539062500000,0.0707397460937500,0.4660644531250000,0.5273437500000000,0.2646484375000000,0.3010253906250000,0.4194335937500000
-0.5815429687500000,-0.5820312500000000,-0.2432861328125000,-0.5908203125000000,-0.3249511718750000,-0.2592773437500000,-0.3269042968750000,-0.3737792968750000,-0.2418212890625000
-0.2434082031250000,-0.1286621093750000,0.1440429687500000,-0.3864746093750000,-0.1372070312500000,-0.0591430664062500,-0.2498779296875000,-0.1685791015625000,-0.1510009765625000
-1.1972656250000000,-1.1416015625000000,-0.7900390625000000,-1.3085937500000000,-1.0117187500000000,-0.8662109375000000,-1.0869140625000000,-0.9765625000000000,-0.8300781250000000
-0.7670898437500000,-0.7519531250000000,-0.6557617187500000,-0.8339843750000000,-0.7460937500000000,-0.6767578125000000,-0.8613281250000000,-0.7851562500000000,-0.6704101562500000
-0.2529296875000000,-0.3747558593750000,-0.4521484375000000,-0.2424316406250000,-0.3361816406250000,-0.3222656250000000,-0.2143554687500000,-0.1831054687500000,-0.1656494140625000
0.7392578125000000,0.6459960937500000,0.0116882324218750,0.4902343750000000,-0.2670898437500000,-0.1807861328125000,-0.4714355468750000,-0.3637695312500000,-0.2714843750000000
-0.5927734375000000,-0.7211914062500000,-0.9243164062500000,-0.6713867187500000,-0.9399414062500000,-0.8828125000000000,-0.9140625000000000,-0.9028320312500000,-0.8022460937500000
0.6142578125000000,0.5297851562500000,-0.0476989746093750,0.4438476562500000,-0.1727294921875000,-0.1614990234375000,-0.2653808593750000,-0.2514648437500000,-0.1762695312500000
-0.3916015625000000,-0.4475097656250000,-0.0733642578125000,-0.4348144531250000,-0.0372619628906250,-0.1076049804687500,-0.1199340820312500,-0.1196899414062500,-0.1077270507812500
-0.4270019531250000,-0.4721679687500000,-0.1028442382812500,-0.6391601562500000,-0.3576660156250000,-0.3029785156250000,-0.6118164062500000,-0.5195312500000000,-0.4128417968750000
-0.3486328125000000,-0.4790039062500000,-0.3127441406250000,-0.4533691406250000,-0.4008789062500000,-0.3142089843750000,-0.3952636718750000,-0.3828125000000000,-0.3378906250000000
0.5029296875000000,0.5703125000000000,0.4165039062500000,0.4677734375000000,0.5112304687500000,0.4746093750000000,0.4782714843750000,0.5000000000000000,0.4702148437500000
0.4748535156250000,0.1374511718750000,-0.1383056640625000,0.2541503906250000,-0.1100463867187500,-0.2025146484375000,-0.0739135742187500,-0.1951904296875000,-0.2349853515625000
1.2880859375000000,1.4355468750000000,1.4169921875000000,0.9536132812500000,1.2666015625000000,1.2285156250000000,1.1240234375000000,1.1162109375000000,1.0185546875000000
0.6586914062500000,0.8061523437500000,1.2382812500000000,0.7006835937500000,1.2841796875000000,1.2998046875000000,1.2246093750000000,1.3388671875000000,1.3027343750000000
1.5390625000000000,1.8779296875000000,1.8583984375000000,1.8466796875000000,2.0078125000000000,1.9316406250000000,2.0351562500000000,2.0273437500000000,1.9179687500000000
-0.3476562500000000,-0.6699218750000000,-0.5673828125000000,-0.3557128906250000,-0.5273437500000000,-0.5825195312500000,-0.4685058593750000,-0.4406738281250000,-0.3977050781250000
-0.3823242187500000,-0.4785156250000000,-0.0760498046875000,-0.5249023437500000,-0.2504882812500000,-0.2219238281250000,-0.3869628906250000,-0.3188476562500000,-0.2641601562500000
-0.3395996093750000,-0.6005859375000000,-0.8842773437500000,-0.4255371093750000,-0.8696289062500000,-0.8798828125000000,-0.8032226562500000,-0.7490234375000000,-0.7153320312500000
-0.7993164062500000,-0.9033203125000000,-0.9970703125000000,-0.9760742187500000,-1.1347656250000000,-1.0781250000000000,-1.1660156250000000,-1.1337890625000000,-0.9306640625000000
-1.1425781250000000,-1.2246093750000000,-1.1591796875000000,-1.1777343750000000,-1.1689453125000000,-1.0908203125000000,-1.1826171875000000,-1.0380859375000000,-0.9399414062500000
0.0757446289062500,0.0584106445312500,0.1699218750000000,-0.0728149414062500,-0.2666015625000000,-0.2408447265625000,-0.4440917968750000,-0.4501953125000000,-0.3869628906250000
0.4311523437500000,0.4291992187500000,0.2048339843750000,0.1394042968750000,-0.0076446533203125,0.0672607421875000,-0.3159179687500000,-0.2719726562500000,-0.1927490234375000
-0.1860351562500000,-0.1123657226562500,0.0254974365234375,-0.2917480468750000,0.0345153808593750,0.1218872070312500,-0.0020370483398438,0.0480346679687500,0.0795288085937500
-1.3750000000000000,-1.4794921875000000,-1.2792968750000000,-1.3769531250000000,-1.3476562500000000,-1.2812500000000000,-1.1757812500000000,-1.1845703125000000,-1.0917968750000000
-0.4384765625000000,-0.4013671875000000,-0.1495361328125000,-0.3842773437500000,-0.1878662109375000,-0.1304931640625000,-0.1442871093750000,-0.1417236328125000,-0.1383056640625000
0.9257812500000000,0.8876953125000000,0.5068359375000000,0.7568359375000000,0.2885742187500000,0.3322753906250000,0.1334228515625000,0.1949462890625000,0.2254638671875000
1.4990234375000000,1.4062500000000000,1.5576171875000000,1.4824218750000000,1.5732421875000000,1.5166015625000000,1.5839843750000000,1.5615234375000000,1.4638671875000000
-0.1134643554687500,-0.2531738281250000,-0.5004882812500000,-0.0651245117187500,-0.2263183593750000,-0.4270019531250000,0.0739135742187500,-0.0270080566406250,-0.1656494140625000
0.0811767578125000,0.0393371582031250,-0.1081542968750000,0.1623535156250000,0.0160827636718750,0.0138092041015625,0.0804443359375000,0.1054077148437500,0.0755615234375000
0.1496582031250000,0.1494140625000000,-0.2054443359375000,0.2326660156250000,-0.1633300781250000,-0.1907958984375000,-0.0637817382812500,-0.1279296875000000,-0.1341552734375000
0.4716796875000000,0.4985351562500000,0.2216796875000000,0.6577148437500000,0.5117187500000000,0.3879394531250000,0.8242187500000000,0.7812500000000000,0.7060546875000000
-0.3083496093750000,-0.2054443359375000,-0.2153320312500000,-0.3417968750000000,-0.3278808593750000,-0.3144531250000000,-0.4433593750000000,-0.4433593750000000,-0.3400878906250000
0.2951660156250000,0.1564941406250000,0.0062980651855469,0.3557128906250000,0.0361022949218750,-0.0669555664062500,0.1358642578125000,0.0107040405273438,0.0554809570312500
-0.2183837890625000,-0.2471923828125000,-0.1776123046875000,-0.1387939453125000,0.0495605468750000,0.0306854248046875,0.2529296875000000,0.1976318359375000,0.1918945312500000
-1.1591796875000000,-1.1914062500000000,-1.2460937500000000,-1.0908203125000000,-1.3242187500000000,-1.3105468750000000,-1.2900390625000000,-1.3007812500000000,-1.2138671875000000
-0.1495361328125000,-0.0904541015625000,0.3623046875000000,-0.3310546875000000,0.1604003906250000,0.1275634765625000,-0.1286621093750000,-0.1339111328125000,-0.1810302734375000
-0.5043945312500000,-0.6767578125000000,-0.8120117187500000,-0.4494628906250000,-0.6738281250000000,-0.6772460937500000,-0.5883789062500000,-0.5888671875000000,-0.5361328125000000
-1.4501953125000000,-1.5615234375000000,-1.2968750000000000,-1.3017578125000000,-1.3300781250000000,-1.3613281250000000,-1.1806640625000000,-1.2119140625000000,-1.1201171875000000
0.0680541992187500,0.1654052734375000,-0.0392150878906250,0.2156982421875000,0.0416564941406250,0.0410461425781250,0.0721435546875000,0.1084594726562500,0.1353759765625000
0.8193359375000000,0.6840820312500000,0.6240234375000000,0.8632812500000000,0.6586914062500000,0.6250000000000000,0.6171875000000000,0.6660156250000000,0.6162109375000000
-1.5234375000000000,-1.2529296875000000,-1.0097656250000000,-1.4453125000000000,-1.2744140625000000,-1.0234375000000000,-1.2822265625000000,-1.2431640625000000,-1.0625000000000000
-0.3896484375000000,-0.4067382812500000,-0.7705078125000000,-0.3212890625000000,-0.8110351562500000,-0.8769531250000000,-0.8818359375000000,-0.8818359375000000,-0.7993164062500000
0.1673583984375000,-0.0426025390625000,-0.9873046875000000,0.0429687500000000,-0.9926757812500000,-1.1103515625000000,-0.9453125000000000,-0.9526367187500000,-0.9155273437500000
-0.1644287109375000,-0.2010498046875000,-0.1889648437500000,-0.2027587890625000,-0.2778320312500000,-0.2412109375000000,-0.3146972656250000,-0.3210449218750000,-0.1634521484375000
0.5004882812500000,0.4216308593750000,0.5297851562500000,0.4902343750000000,0.5258789062500000,0.4873046875000000,0.5356445312500000,0.5268554687500000,0.4694824218750000
0.2459716796875000,0.4108886718750000,0.3723144531250000,0.1040649414062500,0.2463378906250000,0.3530273437500000,0.0374755859375000,0.0972900390625000,0.1918945312500000
0.0196838378906250,0.2469482421875000,0.1599121093750000,0.2163085937500000,0.2113037109375000,0.2600097656250000,0.1749267578125000,0.1937255859375000,0.2241210937500000
1.0527343750000000,0.7333984375000000,0.5800781250000000,0.8950195312500000,0.4714355468750000,0.4084472656250000,0.3342285156250000,0.3010253906250000,0.2634277343750000
-1.2265625000000000,-1.2324218750000000,-0.9433593750000000,-1.1630859375000000,-1.0566406250000000,-0.9746093750000000,-1.1767578125000000,-1.0410156250000000,-0.9770507812500000
-0.7465820312500000,-0.8925781250000000,-0.5600585937500000,-0.7465820312500000,-0.6328125000000000,-0.5649414062500000,-0.6132812500000000,-0.6040039062500000,-0.5185546875000000
-1.1367187500000000,-1.1123046875000000,-0.8330078125000000,-1.0878906250000000,-0.8442382812500000,-0.8310546875000000,-0.6333007812500000,-0.6123046875000000,-0.5844726562500000
1.4013671875000000,1.5019531250000000,1.6923828125000000,1.4453125000000000,1.7207031250000000,1.6992187500000000,1.7470703125000000,1.7363281250000000,1.6708984375000000
-0.3269042968750000,-0.3864746093750000,-0.2590332031250000,-0.3381347656250000,-0.2364501953125000,-0.1784667968750000,-0.0679931640625000,-0.1304931640625000,-0.0717773437500000
0.7832031250000000,0.6835937500000000,0.3164062500000000,0.7431640625000000,0.3083496093750000,0.3364257812500000,0.1820068359375000,0.1960449218750000,0.2498779296875000
0.8305664062500000,0.8183593750000000,0.5439453125000000,0.7255859375000000,0.5180664062500000,0.5517578125000000,0.4804687500000000,0.4924316406250000,0.5141601562500000
-0.0949096679687500,-0.3061523437500000,-1.1650390625000000,-0.3398437500000000,-1.1718750000000000,-1.2109375000000000,-1.0820312500000000,-1.0634765625000000,-1.0957031250000000
-0.9785156250000000,-1.1943359375000000,-1.1123046875000000,-1.1699218750000000,-1.1943359375000000,-1.2675781250000000,-1.1552734375000000,-1.1933593750000000,-1.1162109375000000
0.4270019531250000,0.1417236328125000,-0.0961303710937500,0.3869628906250000,0.0691528320312500,-0.1246337890625000,0.1999511718750000,0.0491638183593750,-0.0406799316406250
-0.3820800781250000,-0.5825195312500000,-0.7827148437500000,-0.3354492187500000,-0.7128906250000000,-0.7324218750000000,-0.7441406250000000,-0.7202148437500000,-0.6733398437500000
1.1611328125000000,1.1220703125000000,1.0634765625000000,1.0976562500000000,1.1572265625000000,1.0283203125000000,1.2353515625000000,1.1308593750000000,0.9980468750000000
0.5219726562500000,0.2924804687500000,-0.3945312500000000,0.4663085937500000,-0.1174316406250000,-0.2631835937500000,0.0249328613281250,-0.0240020751953125,-0.1829833984375000
-0.7392578125000000,-0.8994140625000000,-1.0478515625000000,-0.3615722656250000,-0.3815917968750000,-0.5146484375000000,0.1850585937500000,0.1173706054687500,0.0196075439453125
1.5683593750000000,1.6328125000000000,1.5664062500000000,1.5556640625000000,1.6064453125000000,1.5087890625000000,1.6279296875000000,1.5966796875000000,1.4951171875000000
-1.5126953125000000,-1.4951171875000000,-1.4238281250000000,-1.3603515625000000,-1.3564453125000000,-1.3642578125000000,-1.1699218750000000,-1.1406250000000000,-1.1074218750000000
-0.3664550781250000,-0.3364257812500000,-0.4211425781250000,-0.2127685546875000,-0.2084960937500000,-0.3266601562500000,0.0165557861328125,-0.0783081054687500,-0.0949707031250000
0.6699218750000000,0.4299316406250000,0.2744140625000000,0.7158203125000000,0.6801757812500000,0.4243164062500000,0.9726562500000000,0.8173828125000000,0.6201171875000000
-0.1239013671875000,-0.1942138671875000,-0.4504394531250000,-0.1308593750000000,-0.5131835937500000,-0.4973144531250000,-0.4455566406250000,-0.4877929687500000,-0.3720703125000000
0.3125000000000000,0.0562744140625000,0.2612304687500000,0.1086425781250000,0.1745605468750000,0.1201782226562500,-0.0350952148437500,-0.0853881835937500,-0.0966796875000000
-1.3125000000000000,-0.9995117187500000,-0.7563476562500000,-1.3369140625000000,-0.7377929687500000,-0.7348632812500000,-0.7597656250000000,-0.7324218750000000,-0.6386718750000000
-1.0439453125000000,-1.2021484375000000,-1.5126953125000000,-1.2773437500000000,-1.6240234375000000,-1.5595703125000000,-1.5927734375000000,-1.5781250000000000,-1.5263671875000000
1.0332031250000000,0.8481445312500000,-0.4858398437500000,0.8837890625000000,-0.2100830078125000,-0.4067382812500000,-0.0910644531250000,-0.2287597656250000,-0.3059082031250000
-0.6660156250000000,-0.4687500000000000,-0.7377929687500000,-0.8232421875000000,-0.8906250000000000,-0.8032226562500000,-0.9960937500000000,-0.9414062500000000,-0.7885742187500000
-0.1926269531250000,-0.0727539062500000,-0.4274902343750000,-0.2856445312500000,-0.5297851562500000,-0.4326171875000000,-0.5439453125000000,-0.4943847656250000,-0.3920898437500000
0.4899902343750000,0.4082031250000000,-0.0344238281250000,0.4357910156250000,-0.0361328125000000,-0.0460205078125000,-0.1304931640625000,-0.0570068359375000,-0.0624389648437500
-0.8676757812500000,-0.7939453125000000,-0.7929687500000000,-0.9135742187500000,-0.8627929687500000,-0.7690429687500000,-0.8452148437500000,-0.7719726562500000,-0.6499023437500000
0.5976562500000000,0.6083984375000000,0.5903320312500000,0.7446289062500000,0.8662109375000000,0.6508789062500000,1.1484375000000000,1.0419921875000000,0.8950195312500000
-0.7680664062500000,-0.6416015625000000,-0.5556640625000000,-0.6801757812500000,-0.4479980468750000,-0.4289550781250000,-0.4343261718750000,-0.4682617187500000,-0.4172363281250000
0.6875000000000000,1.1396484375000000,1.4375000000000000,0.5151367187500000,1.4199218750000000,1.3583984375000000,1.2177734375000000,1.1181640625000000,1.1875000000000000
0.7226562500000000,0.4533691406250000,0.0819702148437500,0.6967773437500000,0.3925781250000000,0.1868896484375000,0.3596191406250000,0.2398681640625000,0.2517089843750000
0.5410156250000000,0.5488281250000000,0.3237304687500000,0.5947265625000000,0.4318847656250000,0.3862304687500000,0.3137207031250000,0.2020263671875000,0.2578125000000000
0.6259765625000000,0.6181640625000000,0.1066284179687500,0.5522460937500000,0.1348876953125000,0.0811157226562500,0.2293701171875000,0.1242675781250000,0.1502685546875000
-1.3369140625000000,-1.2480468750000000,-1.4326171875000000,-1.3759765625000000,-1.4150390625000000,-1.4628906250000000,-1.3544921875000000,-1.4453125000000000,-1.3320312500000000
1.1542968750000000,1.2011718750000000,1.4482421875000000,0.9707031250000000,1.1708984375000000,1.2451171875000000,0.8481445312500000,0.9262695312500000,0.9360351562500000
0.8105468750000000,0.9355468750000000,0.8833007812500000,0.8110351562500000,0.8476562500000000,0.8540039062500000,0.8251953125000000,0.8349609375000000,0.7675781250000000
-0.2971191406250000,-0.4470214843750000,-1.1250000000000000,-0.3671875000000000,-1.1855468750000000,-1.1484375000000000,-1.2070312500000000,-1.1767578125000000,-1.0820312500000000
0.1824951171875000,0.1137695312500000,-0.3127441406250000,0.1298828125000000,-0.1347656250000000,-0.2180175781250000,-0.0988769531250000,-0.1541748046875000,-0.1384277343750000
-0.7280273437500000,-0.8471679687500000,-0.7290039062500000,-0.7744140625000000,-0.6342773437500000,-0.7128906250000000,-0.5585937500000000,-0.6152343750000000,-0.5644531250000000
0.5366210937500000,0.6821289062500000,0.7329101562500000,0.4414062500000000,0.6513671875000000,0.6796875000000000,0.5864257812500000,0.5532226562500000,0.6240234375000000
-0.5473632812500000,-0.6630859375000000,-0.5507812500000000,-0.4855957031250000,-0.3698730468750000,-0.4243164062500000,-0.2553710937500000,-0.2790527343750000,-0.2156982421875000
-0.1265869140625000,-0.0393066406250000,-0.0952148437500000,-0.1848144531250000,-0.0822753906250000,-0.0399475097656250,-0.0664062500000000,-0.0773925781250000,-0.0419006347656250
-0.3388671875000000,-0.2336425781250000,-0.3159179687500000,-0.4689941406250000,-0.2807617187500000,-0.3374023437500000,-0.3684082031250000,-0.4111328125000000,-0.2985839843750000
-1.1523437500000000,-1.2050781250000000,-1.1328125000000000,-1.2431640625000000,-1.1308593750000000,-1.2402343750000000,-1.1210937500000000,-1.2138671875000000,-1.1513671875000000
-0.1690673828125000,0.0870971679687500,-0.0979003906250000,-0.0812988281250000,-0.3154296875000000,-0.1608886718750000,-0.3334960937500000,-0.3334960937500000,-0.2467041015625000
-0.9287109375000000,-0.8916015625000000,-1.1123046875000000,-0.7250976562500000,-0.7832031250000000,-0.8745117187500000,-0.4548339843750000,-0.5244140625000000,-0.5180664062500000
-0.9824218750000000,-0.9433593750000000,-0.9086914062500000,-1.1806640625000000,-1.0947265625000000,-1.0117187500000000,-1.2685546875000000,-1.2646484375000000,-1.1279296875000000
-0.8486328125000000,-0.9282226562500000,-0.7768554687500000,-1.0029296875000000,-0.8603515625000000,-0.8647460937500000,-1.0146484375000000,-1.0263671875000000,-0.8725585937500000
0.5195312500000000,0.5283203125000000,-0.1560058593750000,0.4802246093750000,0.0041999816894531,-0.1105957031250000,0.1308593750000000,0.0828857421875000,-0.0039176940917969
-0.4023437500000000,-0.1920166015625000,-0.0823974609375000,-0.0321960449218750,0.3669433593750000,0.2722167968750000,0.4831542968750000,0.5605468750000000,0.4877929687500000
-0.9692382812500000,-0.9438476562500000,-1.2988281250000000,-1.0703125000000000,-1.2753906250000000,-1.2958984375000000,-1.3212890625000000,-1.2333984375000000,-1.1123046875000000
0.9965820312500000,0.6362304687500000,0.7026367187500000,0.8432617187500000,0.5849609375000000,0.4636230468750000,0.3889160156250000,0.3657226562500000,0.3139648437500000
0.2583007812500000,0.4438476562500000,0.5122070312500000,0.3952636718750000,0.6821289062500000,0.6103515625000000,0.7924804687500000,0.6889648437500000,0.6147460937500000
-1.2753906250000000,-1.2763671875000000,-1.0908203125000000,-1.4003906250000000,-1.0986328125000000,-1.2255859375000000,-1.0507812500000000,-1.1298828125000000,-1.0292968750000000
-0.0968627929687500,-0.1578369140625000,-0.2749023437500000,0.0622253417968750,0.0268554687500000,-0.1696777343750000,0.1743164062500000,0.0734863281250000,-0.0227508544921875
-0.0540466308593750,0.0330810546875000,-0.0317382812500000,-0.0008425712585449,0.0827636718750000,0.0060577392578125,0.1218261718750000,0.0274810791015625,0.1414794921875000
0.5097656250000000,0.5747070312500000,0.5297851562500000,0.4353027343750000,0.3701171875000000,0.4655761718750000,0.1173706054687500,0.1914062500000000,0.2854003906250000
0.8852539062500000,0.9365234375000000,0.3146972656250000,0.8457031250000000,0.2340087890625000,0.2094726562500000,0.1419677734375000,0.0931396484375000,0.1370849609375000
0.9355468750000000,0.7924804687500000,0.7119140625000000,0.7998046875000000,0.7631835937500000,0.6469726562500000,0.6762695312500000,0.6186523437500000,0.4987792968750000
1.3515625000000000,1.3808593750000000,1.4287109375000000,1.5478515625000000,1.6816406250000000,1.5976562500000000,1.8125000000000000,1.8144531250000000,1.6679687500000000
0.5419921875000000,0.8251953125000000,0.4497070312500000,0.6220703125000000,0.4680175781250000,0.5380859375000000,0.3588867187500000,0.4602050781250000,0.4570312500000000
-0.7504882812500000,-0.3847656250000000,-0.3486328125000000,-0.6694335937500000,-0.4953613281250000,-0.4592285156250000,-0.5595703125000000,-0.5258789062500000,-0.4052734375000000
-0.0058822631835938,0.0904541015625000,0.1660156250000000,0.0028553009033203,0.0333862304687500,0.0034866333007812,0.0236663818359375,0.0041694641113281,0.0521850585937500
-0.2724609375000000,-0.5043945312500000,-0.4521484375000000,-0.4824218750000000,-0.4143066406250000,-0.5888671875000000,-0.4462890625000000,-0.6123046875000000,-0.6015625000000000
-0.5610351562500000,-0.6875000000000000,-0.7690429687500000,-0.6723632812500000,-0.5576171875000000,-0.7285156250000000,-0.4370117187500000,-0.5717773437500000,-0.5468750000000000
0.3393554687500000,0.4921875000000000,0.2412109375000000,0.2929687500000000,0.2226562500000000,0.1667480468750000,0.1520996093750000,0.0886230468750000,0.1211547851562500
0.7954101562500000,1.0400390625000000,0.9921875000000000,0.7436523437500000,1.0156250000000000,0.9653320312500000,0.9482421875000000,0.8984375000000000,0.8920898437500000
1.0312500000000000,1.1650390625000000,1.1015625000000000,1.0097656250000000,1.2333984375000000,1.1591796875000000,1.2714843750000000,1.1875000000000000,1.1083984375000000
-0.2407226562500000,-0.0710449218750000,-0.2238769531250000,-0.3542480468750000,-0.2369384765625000,-0.0947875976562500,-0.4172363281250000,-0.3937988281250000,-0.2416992187500000
-1.2324218750000000,-1.2509765625000000,-1.0810546875000000,-1.2314453125000000,-1.2812500000000000,-1.2021484375000000,-1.2216796875000000,-1.2626953125000000,-1.1162109375000000
0.0220489501953125,0.1687011718750000,0.2678222656250000,0.0345764160156250,0.0692749023437500,0.2087402343750000,-0.0259246826171875,-0.0247650146484375,0.0153732299804688
-1.2148437500000000,-1.1718750000000000,-1.1250000000000000,-1.2031250000000000,-1.1298828125000000,-0.9804687500000000,-1.0908203125000000,-1.0478515625000000,-0.8627929687500000
-0.7333984375000000,-0.5727539062500000,-0.6376953125000000,-0.6821289062500000,-0.8632812500000000,-0.6938476562500000,-0.9262695312500000,-0.8662109375000000,-0.7402343750000000
0.6259765625000000,0.3400878906250000,0.6074218750000000,0.6831054687500000,0.7094726562500000,0.6303710937500000,0.6831054687500000,0.5805664062500000,0.4125976562500000
1.5810546875000000,1.5332031250000000,1.5097656250000000,1.5253906250000000,1.4775390625000000,1.4667968750000000,1.4062500000000000,1.3544921875000000,1.2910156250000000
-0.3742675781250000,-0.5449218750000000,-0.3166503906250000,-0.5126953125000000,-0.4902343750000000,-0.4597167968750000,-0.7080078125000000,-0.7578125000000000,-0.6977539062500000
-0.5200195312500000,-0.5727539062500000,-0.4538574218750000,-0.3610839843750000,-0.4160156250000000,-0.2915039062500000,-0.3896484375000000,-0.3967285156250000,-0.2253417968750000
1.0224609375000000,1.0634765625000000,0.9599609375000000,1.1738281250000000,1.1494140625000000,1.1757812500000000,1.2919921875000000,1.2373046875000000,1.1464843750000000
-0.3791503906250000,0.0690917968750000,-0.0670166015625000,-0.3378906250000000,-0.0677490234375000,-0.1046752929687500,-0.1115722656250000,-0.1591796875000000,-0.1373291015625000
0.0871582031250000,0.0772094726562500,-0.4140625000000000,0.0644531250000000,-0.3303222656250000,-0.2954101562500000,-0.3188476562500000,-0.4477539062500000,-0.4084472656250000
-0.5351562500000000,-0.6250000000000000,-0.4606933593750000,-0.4047851562500000,-0.2644042968750000,-0.3583984375000000,0.1043701171875000,-0.0428161621093750,-0.0476379394531250
-0.2844238281250000,-0.2863769531250000,0.3745117187500000,-0.2524414062500000,0.2381591796875000,0.3469238281250000,0.1860351562500000,0.0764770507812500,0.1093750000000000
-0.8945312500000000,-0.7871093750000000,-0.7060546875000000,-0.7109375000000000,-0.6757812500000000,-0.4648437500000000,-0.5620117187500000,-0.4777832031250000,-0.4191894531250000
-0.8320312500000000,-0.9047851562500000,-0.7426757812500000,-0.7319335937500000,-0.6137695312500000,-0.5844726562500000,-0.2790527343750000,-0.3398437500000000,-0.4355468750000000
1.4169921875000000,1.4228515625000000,0.9980468750000000,1.4648437500000000,1.0898437500000000,1.0605468750000000,1.0986328125000000,1.0693359375000000,0.9760742187500000
1.9951171875000000,2.0039062500000000,2.1679687500000000,1.8935546875000000,2.1250000000000000,2.1132812500000000,2.0332031250000000,2.0000000000000000,1.8935546875000000
0.4841308593750000,0.5581054687500000,0.7197265625000000,0.5737304687500000,0.8203125000000000,0.8417968750000000,0.8432617187500000,0.8237304687500000,0.7763671875000000
-1.4902343750000000,-1.5625000000000000,-1.5341796875000000,-1.4013671875000000,-1.4638671875000000,-1.2597656250000000,-1.1933593750000000,-1.1943359375000000,-1.1582031250000000
-0.2333984375000000,-0.4145507812500000,-0.3835449218750000,-0.2325439453125000,-0.3747558593750000,-0.2081298828125000,-0.2629394531250000,-0.2443847656250000,-0.1989746093750000
-0.2061767578125000,-0.5278320312500000,-0.2081298828125000,-0.1791992187500000,-0.3652343750000000,-0.0425109863281250,-0.3259277343750000,-0.3637695312500000,-0.3698730468750000
0.1822509765625000,0.1158447265625000,0.0553894042968750,0.0235748291015625,-0.0350646972656250,0.1428222656250000,-0.1937255859375000,-0.0958251953125000,-0.1063232421875000
-0.7041015625000000,-0.8383789062500000,-0.7675781250000000,-0.7031250000000000,-0.6435546875000000,-0.4985351562500000,-0.5810546875000000,-0.6040039062500000,-0.5312500000000000
0.6611328125000000,0.6254882812500000,0.8359375000000000,0.5239257812500000,0.7255859375000000,0.8061523437500000,0.4438476562500000,0.4514160156250000,0.3994140625000000
0.2570800781250000,0.2275390625000000,0.4655761718750000,0.2912597656250000,0.5893554687500000,0.5952148437500000,0.6738281250000000,0.5644531250000000,0.5253906250000000
0.2426757812500000,0.1149291992187500,0.0600585937500000,0.1574707031250000,-0.1278076171875000,0.0157318115234375,-0.2995605468750000,-0.3039550781250000,-0.2500000000000000
1.3623046875000000,1.4833984375000000,1.6533203125000000,1.2578125000000000,1.4697265625000000,1.4951171875000000,1.1826171875000000,1.1992187500000000,1.1787109375000000
-1.5781250000000000,-1.6279296875000000,-1.4746093750000000,-1.5380859375000000,-1.6123046875000000,-1.4414062500000000,-1.6103515625000000,-1.5566406250000000,-1.4785156250000000
-0.3540039062500000,-0.3444824218750000,-0.5942382812500000,-0.3217773437500000,-0.7924804687500000,-0.5844726562500000,-0.8330078125000000,-0.8007812500000000,-0.6635742187500000
-1.6318359375000000,-1.7626953125000000,-1.7783203125000000,-1.5947265625000000,-1.7851562500000000,-1.5439453125000000,-1.7070312500000000,-1.7099609375000000,-1.5849609375000000
1.2031250000000000,0.9443359375000000,1.2392578125000000,1.0537109375000000,1.1542968750000000,1.1425781250000000,0.9936523437500000,0.9038085937500000,0.8266601562500000
0.5307617187500000,0.3903808593750000,0.6181640625000000,0.5761718750000000,0.6289062500000000,0.7192382812500000,0.5156250000000000,0.4987792968750000,0.4985351562500000
-0.0787963867187500,-0.4919433593750000,-0.6972656250000000,-0.0354614257812500,-0.7207031250000000,-0.4865722656250000,-0.6708984375000000,-0.7314453125000000,-0.6440429687500000
0.1772460937500000,0.0375366210937500,0.4394531250000000,0.0550231933593750,0.1306152343750000,0.2612304687500000,-0.0056381225585938,-0.1176147460937500,-0.0252532958984375
-0.8256835937500000,-0.9833984375000000,-0.9047851562500000,-0.8608398437500000,-0.9755859375000000,-0.8383789062500000,-1.0732421875000000,-1.0517578125000000,-0.9321289062500000
-0.5722656250000000,-0.6655273437500000,-0.5859375000000000,-0.5595703125000000,-0.5253906250000000,-0.3535156250000000,-0.4711914062500000,-0.4953613281250000,-0.3972167968750000
1.3232421875000000,1.3730468750000000,1.3466796875000000,1.4814453125000000,1.5732421875000000,1.5097656250000000,1.7041015625000000,1.6337890625000000,1.5888671875000000
-0.8520507812500000,-0.9550781250000000,-1.4316406250000000,-0.8784179687500000,-1.5908203125000000,-1.3867187500000000,-1.5312500000000000,-1.5146484375000000,-1.3837890625000000
0.4162597656250000,0.3183593750000000,0.0162506103515625,0.3420410156250000,-0.1458740234375000,-0.0040969848632812,-0.2812500000000000,-0.3535156250000000,-0.2463378906250000
1.7695312500000000,1.9824218750000000,1.6406250000000000,1.8339843750000000,1.8076171875000000,1.7236328125000000,1.8642578125000000,1.8242187500000000,1.7373046875000000
1.1289062500000000,0.9428710937500000,0.8881835937500000,1.1308593750000000,0.9619140625000000,0.9868164062500000,0.8374023437500000,0.8530273437500000,0.8110351562500000
-0.2122802734375000,-0.3183593750000000,-0.2133789062500000,-0.2243652343750000,-0.2152099609375000,-0.1943359375000000,-0.2253417968750000,-0.2666015625000000,-0.1667480468750000
0.5087890625000000,0.5078125000000000,0.5747070312500000,0.3859863281250000,0.5551757812500000,0.5244140625000000,0.5903320312500000,0.4626464843750000,0.4548339843750000
-0.0357971191406250,-0.1584472656250000,-0.1174316406250000,-0.0862426757812500,-0.2061767578125000,-0.1289062500000000,-0.3193359375000000,-0.3012695312500000,-0.1893310546875000
0.4826660156250000,0.3127441406250000,0.6718750000000000,0.4050292968750000,0.5917968750000000,0.5502929687500000,0.6308593750000000,0.5170898437500000,0.4919433593750000
0.1223754882812500,0.0533447265625000,0.2568359375000000,0.1121826171875000,0.0947875976562500,0.1746826171875000,0.1502685546875000,0.0962524414062500,0.0757446289062500
-0.1578369140625000,-0.2971191406250000,-0.2539062500000000,-0.0901489257812500,-0.1239013671875000,-0.0514221191406250,0.0259552001953125,-0.1257324218750000,-0.0900878906250000
-0.7250976562500000,-0.7856445312500000,-0.5522460937500000,-0.5908203125000000,-0.5205078125000000,-0.4255371093750000,-0.2861328125000000,-0.3588867187500000,-0.2467041015625000
-0.1577148437500000,0.0192260742187500,0.3876953125000000,-0.0904541015625000,0.5131835937500000,0.4218750000000000,0.6166992187500000,0.4663085937500000,0.4309082031250000
-0.5258789062500000,-0.5034179687500000,-0.7412109375000000,-0.4853515625000000,-0.7104492187500000,-0.7001953125000000,-0.5961914062500000,-0.6748046875000000,-0.6123046875000000
-0.3742675781250000,-0.3010253906250000,-0.1446533203125000,-0.3710937500000000,-0.1522216796875000,-0.0930175781250000,-0.4484863281250000,-0.3872070312500000,-0.1520996093750000
-0.4084472656250000,-0.2961425781250000,-0.0017976760864258,-0.5742187500000000,-0.1768798828125000,-0.1006469726562500,-0.2546386718750000,-0.3728027343750000,-0.2795410156250000
-1.7675781250000000,-1.6064453125000000,-1.3066406250000000,-1.7597656250000000,-1.5986328125000000,-1.2998046875000000,-1.6699218750000000,-1.5195312500000000,-1.2363281250000000
-0.2176513671875000,-0.4675292968750000,-0.3920898437500000,-0.3452148437500000,-0.6367187500000000,-0.4968261718750000,-0.8291015625000000,-0.7568359375000000,-0.6528320312500000
-0.8041992187500000,-0.8515625000000000,-0.9101562500000000,-0.8305664062500000,-1.0449218750000000,-0.8945312500000000,-1.1572265625000000,-1.0683593750000000,-0.8930664062500000
0.3256835937500000,0.1992187500000000,0.1712646484375000,0.3952636718750000,0.3330078125000000,0.2922363281250000,0.4606933593750000,0.4104003906250000,0.3322753906250000
0.1417236328125000,0.2078857421875000,0.3898925781250000,0.0640258789062500,0.3107910156250000,0.3681640625000000,0.1967773437500000,0.1414794921875000,0.2868652343750000
0.8100585937500000,0.9013671875000000,0.7036132812500000,0.8422851562500000,0.8989257812500000,0.8818359375000000,0.9814453125000000,0.9477539062500000,0.9038085937500000
0.6333007812500000,0.5825195312500000,0.6220703125000000,0.8183593750000000,0.8334960937500000,0.8652343750000000,1.0302734375000000,0.9868164062500000,0.9580078125000000
-1.5371093750000000,-1.5390625000000000,-1.3105468750000000,-1.6210937500000000,-1.5849609375000000,-1.2734375000000000,-1.5117187500000000,-1.5185546875000000,-1.1093750000000000
1.4726562500000000,1.5693359375000000,1.3876953125000000,1.4375000000000000,1.4160156250000000,1.4326171875000000,1.3896484375000000,1.3447265625000000,1.3730468750000000
-0.1221923828125000,-0.1038818359375000,-0.0583190917968750,0.0368652343750000,0.0410766601562500,0.0232849121093750,0.1999511718750000,0.2026367187500000,0.1525878906250000
0.6528320312500000,0.6386718750000000,0.3605957031250000,0.7343750000000000,0.6269531250000000,0.5004882812500000,0.8940429687500000,0.7504882812500000,0.6474609375000000
1.4492187500000000,1.4707031250000000,1.5605468750000000,1.3671875000000000,1.5781250000000000,1.3935546875000000,1.5722656250000000,1.3984375000000000,1.2802734375000000
0.1063842773437500,0.3527832031250000,-0.0795898437500000,0.2293701171875000,0.0406188964843750,0.0921020507812500,-0.0701293945312500,0.1219482421875000,0.3149414062500000
0.0460815429687500,0.1413574218750000,0.1038818359375000,0.0212402343750000,0.0847167968750000,0.1088867187500000,0.1176757812500000,0.0701293945312500,0.1531982421875000
-0.2724609375000000,-0.4609375000000000,-0.4338378906250000,-0.1239013671875000,-0.2973632812500000,-0.3483886718750000,-0.2143554687500000,-0.3229980468750000,-0.2812500000000000
-0.3059082031250000,-0.5410156250000000,-0.3515625000000000,-0.3254394531250000,-0.3771972656250000,-0.3266601562500000,-0.1544189453125000,-0.2739257812500000,-0.2037353515625000
-0.2521972656250000,-0.4643554687500000,-0.0952148437500000,-0.4929199218750000,-0.2427978515625000,-0.2573242187500000,-0.4995117187500000,-0.4626464843750000,-0.3640136718750000
1.2441406250000000,1.1806640625000000,1.1269531250000000,1.1474609375000000,1.0693359375000000,1.1074218750000000,0.9799804687500000,0.8891601562500000,0.8886718750000000
-0.9663085937500000,-1.1142578125000000,-1.2080078125000000,-1.0429687500000000,-1.2529296875000000,-1.1630859375000000,-1.1562500000000000,-1.2119140625000000,-1.1123046875000000
-0.5620117187500000,-0.5400390625000000,-0.1301269531250000,-0.2841796875000000,0.1485595703125000,0.0919799804687500,0.3461914062500000,0.3291015625000000,0.2993164062500000
0.9013671875000000,0.9560546875000000,0.8872070312500000,0.9243164062500000,0.9223632812500000,0.9145507812500000,0.7612304687500000,0.7919921875000000,0.8349609375000000
-0.6879882812500000,-1.0371093750000000,-0.7041015625000000,-0.6831054687500000,-0.6391601562500000,-0.6547851562500000,-0.6909179687500000,-0.7011718750000000,-0.5766601562500000
-0.8222656250000000,-0.8935546875000000,-0.9316406250000000,-0.7583007812500000,-0.8300781250000000,-0.7807617187500000,-0.5712890625000000,-0.6352539062500000,-0.5776367187500000
-0.0244445800781250,0.1789550781250000,0.2617187500000000,-0.0784301757812500,0.1859130859375000,0.1608886718750000,-0.0108108520507812,0.0198669433593750,0.1153564453125000
-0.7104492187500000,-0.8496093750000000,-1.2314453125000000,-0.6791992187500000,-1.2832031250000000,-1.1738281250000000,-1.2089843750000000,-1.2060546875000000,-1.0742187500000000
-0.0562438964843750,-0.2690429687500000,-0.1229858398437500,-0.0412902832031250,-0.0872192382812500,-0.2049560546875000,-0.0628051757812500,-0.2257080078125000,-0.1667480468750000
1.6875000000000000,1.7480468750000000,1.7861328125000000,1.5937500000000000,1.6933593750000000,1.6708984375000000,1.4599609375000000,1.4550781250000000,1.4472656250000000
-0.4572753906250000,-0.6230468750000000,-0.5351562500000000,-0.4152832031250000,-0.5302734375000000,-0.4145507812500000,-0.5087890625000000,-0.5771484375000000,-0.4172363281250000
-0.7573242187500000,-0.8032226562500000,-0.5903320312500000,-0.7192382812500000,-0.6914062500000000,-0.5532226562500000,-0.6333007812500000,-0.6962890625000000,-0.5263671875000000
-0.5346679687500000,-0.7260742187500000,-0.5761718750000000,-0.5444335937500000,-0.6376953125000000,-0.5000000000000000,-0.6513671875000000,-0.6865234375000000,-0.5400390625000000
-0.0927124023437500,-0.2858886718750000,-0.4895019531250000,0.0718383789062500,-0.1480712890625000,-0.1257324218750000,0.1182861328125000,0.0411071777343750,0.0919189453125000
-0.2431640625000000,-0.3847656250000000,-0.4196777343750000,-0.3359375000000000,-0.4006347656250000,-0.2457275390625000,-0.5073242187500000,-0.4335937500000000,-0.3085937500000000
1.4169921875000000,1.4160156250000000,1.0830078125000000,1.5878906250000000,1.4042968750000000,1.3134765625000000,1.6035156250000000,1.5175781250000000,1.4697265625000000
1.1191406250000000,1.2939453125000000,1.0664062500000000,0.9184570312500000,0.7983398437500000,0.8193359375000000,0.4865722656250000,0.4799804687500000,0.5078125000000000
0.1590576171875000,-0.1777343750000000,0.2624511718750000,0.0320434570312500,0.0950927734375000,0.0789794921875000,-0.1435546875000000,-0.1557617187500000,-0.1477050781250000
0.6015625000000000,0.4426269531250000,0.3894042968750000,0.4111328125000000,0.1879882812500000,0.0770874023437500,0.0003795623779297,-0.1304931640625000,-0.1552734375000000
0.9584960937500000,1.0390625000000000,1.1542968750000000,0.8989257812500000,1.1621093750000000,1.1064453125000000,1.1494140625000000,1.0556640625000000,1.0156250000000000
-1.1074218750000000,-1.1708984375000000,-0.9946289062500000,-1.0996093750000000,-0.8994140625000000,-0.9316406250000000,-0.7856445312500000,-0.8056640625000000,-0.7041015625000000
0.6679687500000000,0.7290039062500000,0.2556152343750000,0.6582031250000000,0.4079589843750000,0.3049316406250000,0.4426269531250000,0.4050292968750000,0.4057617187500000
-0.1696777343750000,-0.3537597656250000,-0.3886718750000000,-0.1126708984375000,-0.3144531250000000,-0.3078613281250000,-0.3376464843750000,-0.2963867187500000,-0.2325439453125000
0.3518066406250000,0.3498535156250000,0.3327636718750000,0.4406738281250000,0.2301025390625000,0.2242431640625000,0.3061523437500000,0.1314697265625000,0.0614929199218750
-1.4189453125000000,-1.5703125000000000,-1.3222656250000000,-1.5947265625000000,-1.6074218750000000,-1.3613281250000000,-1.5439453125000000,-1.5000000000000000,-1.3681640625000000
-0.0326843261718750,0.0583801269531250,0.2082519531250000,0.1865234375000000,0.5092773437500000,0.5004882812500000,0.7651367187500000,0.6083984375000000,0.5908203125000000
0.2722167968750000,0.1799316406250000,-0.1501464843750000,0.3503417968750000,0.0748901367187500,-0.0188751220703125,0.1486816406250000,0.0330200195312500,0.0378417968750000
0.1789550781250000,0.0261383056640625,0.3122558593750000,0.1702880859375000,0.2668457031250000,0.1436767578125000,0.2137451171875000,0.0131149291992188,0.0173187255859375
-1.0576171875000000,-1.0908203125000000,-1.2148437500000000,-0.9296875000000000,-1.0917968750000000,-1.0468750000000000,-0.8427734375000000,-0.9873046875000000,-0.9497070312500000
-0.1278076171875000,-0.2072753906250000,-0.2066650390625000,-0.3017578125000000,-0.4221191406250000,-0.3444824218750000,-0.6074218750000000,-0.7143554687500000,-0.5371093750000000
0.3603515625000000,0.3903808593750000,0.3969726562500000,0.4479980468750000,0.5888671875000000,0.5327148437500000,0.7778320312500000,0.5976562500000000,0.5439453125000000
-0.2619628906250000,0.1330566406250000,0.2587890625000000,-0.3095703125000000,0.1563720703125000,0.3391113281250000,-0.1701660156250000,0.0428771972656250,0.1479492187500000
0.8652343750000000,0.8349609375000000,0.7124023437500000,0.9277343750000000,0.8662109375000000,0.8178710937500000,0.9565429687500000,0.8447265625000000,0.8208007812500000
0.2714843750000000,0.2187500000000000,0.3549804687500000,0.2392578125000000,0.3784179687500000,0.3801269531250000,0.4047851562500000,0.3510742187500000,0.3288574218750000
1.9560546875000000,1.9228515625000000,1.8652343750000000,1.8300781250000000,1.8017578125000000,1.7177734375000000,1.6542968750000000,1.5488281250000000,1.4843750000000000
-0.6142578125000000,-0.6621093750000000,-0.6406250000000000,-0.6621093750000000,-0.5703125000000000,-0.7309570312500000,-0.4853515625000000,-0.5830078125000000,-0.5351562500000000
-0.6796875000000000,-0.6953125000000000,-0.5483398437500000,-0.6040039062500000,-0.5078125000000000,-0.5180664062500000,-0.3254394531250000,-0.3176269531250000,-0.3203125000000000
-0.0647583007812500,-0.0760498046875000,-0.2978515625000000,-0.0500183105468750,-0.1458740234375000,-0.1076049804687500,0.0859985351562500,0.0835571289062500,0.1064453125000000
-0.1253662109375000,-0.2110595703125000,-0.2834472656250000,-0.1954345703125000,-0.3720703125000000,-0.2556152343750000,-0.4306640625000000,-0.4289550781250000,-0.2961425781250000
-0.6020507812500000,-0.4157714843750000,-0.5571289062500000,-0.4416503906250000,-0.4399414062500000,-0.4287109375000000,-0.4042968750000000,-0.3479003906250000,-0.2697753906250000
1.3964843750000000,1.5058593750000000,1.2138671875000000,1.4990234375000000,1.3789062500000000,1.2792968750000000,1.3789062500000000,1.3417968750000000,1.2685546875000000
1.0927734375000000,1.2402343750000000,1.2343750000000000,0.9882812500000000,1.1044921875000000,1.0419921875000000,1.0253906250000000,0.9287109375000000,0.8691406250000000
1.0273437500000000,1.0898437500000000,1.2021484375000000,0.9736328125000000,1.2402343750000000,1.1191406250000000,1.2421875000000000,1.1591796875000000,1.0712890625000000
1.7255859375000000,1.9375000000000000,1.6210937500000000,1.9121093750000000,1.8466796875000000,1.7656250000000000,2.0175781250000000,1.9892578125000000,1.9189453125000000
-0.6835937500000000,-0.7651367187500000,-0.6123046875000000,-0.6088867187500000,-0.5278320312500000,-0.5458984375000000,-0.3627929687500000,-0.4321289062500000,-0.4028320312500000
2.0273437500000000,2.0468750000000000,1.6386718750000000,2.0878906250000000,1.8925781250000000,1.7187500000000000,1.9843750000000000,1.9003906250000000,1.7880859375000000
-0.5966796875000000,-0.6523437500000000,-0.5375976562500000,-0.6831054687500000,-0.6752929687500000,-0.6230468750000000,-0.6406250000000000,-0.6557617187500000,-0.4982910156250000
-0.5415039062500000,-0.6621093750000000,-0.4130859375000000,-0.5019531250000000,-0.2539062500000000,-0.3491210937500000,-0.1865234375000000,-0.2036132812500000,-0.1921386718750000
1.9267578125000000,1.9453125000000000,1.7470703125000000,1.9892578125000000,1.9287109375000000,1.7900390625000000,1.9736328125000000,1.8593750000000000,1.7392578125000000
-0.2459716796875000,-0.3198242187500000,0.2060546875000000,-0.2185058593750000,0.2792968750000000,0.2342529296875000,0.4489746093750000,0.3527832031250000,0.2061767578125000
0.3688964843750000,0.5170898437500000,0.4721679687500000,0.4091796875000000,0.5693359375000000,0.5195312500000000,0.7680664062500000,0.7070312500000000,0.6635742187500000
-1.2607421875000000,-1.2529296875000000,-1.1406250000000000,-1.2294921875000000,-1.2041015625000000,-1.0800781250000000,-1.0937500000000000,-1.1025390625000000,-0.9687500000000000
1.4150390625000000,1.3964843750000000,1.1708984375000000,1.4638671875000000,1.3076171875000000,1.2060546875000000,1.4677734375000000,1.3330078125000000,1.1748046875000000
0.5410156250000000,0.4645996093750000,0.1947021484375000,0.5556640625000000,0.1604003906250000,0.1755371093750000,0.1665039062500000,0.1223754882812500,0.1571044921875000
-0.5400390625000000,-0.5507812500000000,-0.6113281250000000,-0.4228515625000000,-0.4072265625000000,-0.4697265625000000,-0.3588867187500000,-0.3864746093750000,-0.3615722656250000
0.0096054077148438,-0.1889648437500000,-0.2534179687500000,-0.1394042968750000,-0.1862792968750000,-0.1835937500000000,-0.3376464843750000,-0.3818359375000000,-0.2939453125000000
1.5537109375000000,1.6357421875000000,1.6240234375000000,1.6113281250000000,1.7363281250000000,1.6757812500000000,1.8115234375000000,1.7744140625000000,1.6699218750000000
-1.7949218750000000,-1.8027343750000000,-1.5976562500000000,-1.8603515625000000,-1.7724609375000000,-1.6376953125000000,-1.8466796875000000,-1.7968750000000000,-1.6640625000000000
-0.5830078125000000,-0.5908203125000000,-0.4360351562500000,-0.6586914062500000,-0.5200195312500000,-0.3906250000000000,-0.6650390625000000,-0.5561523437500000,-0.4047851562500000
0.2841796875000000,0.1445312500000000,0.1979980468750000,0.1661376953125000,0.0626831054687500,0.1105957031250000,0.1219482421875000,-0.0064811706542969,-0.0178070068359375
0.1871337890625000,0.0030269622802734,-0.1823730468750000,0.2858886718750000,0.0071640014648438,-0.0435791015625000,0.1938476562500000,0.1723632812500000,0.0465087890625000
-1.1445312500000000,-1.0312500000000000,-1.1083984375000000,-1.1796875000000000,-1.1611328125000000,-0.9819335937500000,-1.0019531250000000,-0.9355468750000000,-0.9169921875000000
0.1582031250000000,-0.0387268066406250,-0.0708618164062500,0.1135253906250000,-0.1274414062500000,-0.1921386718750000,-0.1600341796875000,-0.2631835937500000,-0.3588867187500000
0.9082031250000000,0.9189453125000000,0.7670898437500000,1.0029296875000000,0.8823242187500000,0.8632812500000000,0.9902343750000000,0.8916015625000000,0.8286132812500000
-1.0791015625000000,-1.0156250000000000,-0.9218750000000000,-0.8222656250000000,-0.6367187500000000,-0.6401367187500000,-0.1818847656250000,-0.3393554687500000,-0.4377441406250000
-0.7602539062500000,-0.8383789062500000,-0.7104492187500000,-0.6411132812500000,-0.5141601562500000,-0.5820312500000000,-0.4729003906250000,-0.4692382812500000,-0.4260253906250000
-0.9082031250000000,-0.8198242187500000,-0.9589843750000000,-0.6499023437500000,-0.6391601562500000,-0.7768554687500000,-0.3239746093750000,-0.3750000000000000,-0.3574218750000000
-1.3027343750000000,-1.2744140625000000,-1.1328125000000000,-1.3320312500000000,-1.3525390625000000,-1.2675781250000000,-1.4912109375000000,-1.3613281250000000,-1.1992187500000000
1.8320312500000000,1.8916015625000000,1.6767578125000000,1.7470703125000000,1.5332031250000000,1.5996093750000000,1.4062500000000000,1.4003906250000000,1.4003906250000000
-0.1950683593750000,-0.2531738281250000,-0.6337890625000000,-0.2509765625000000,-0.7114257812500000,-0.6108398437500000,-0.8022460937500000,-0.7460937500000000,-0.6909179687500000
-0.7568359375000000,-0.8100585937500000,-0.4260253906250000,-0.8754882812500000,-0.6186523437500000,-0.5507812500000000,-0.7856445312500000,-0.6875000000000000,-0.6791992187500000
-0.6962890625000000,-0.5722656250000000,-0.8671875000000000,-0.5815429687500000,-0.9604492187500000,-0.7709960937500000,-0.8876953125000000,-0.9501953125000000,-0.9472656250000000
-1.3271484375000000,-1.3994140625000000,-1.1250000000000000,-1.3359375000000000,-1.2539062500000000,-1.1757812500000000,-1.3398437500000000,-1.3408203125000000,-1.3906250000000000
-1.5771484375000000,-1.4609375000000000,-1.5009765625000000,-1.5732421875000000,-1.6982421875000000,-1.4150390625000000,-1.6376953125000000,-1.6376953125000000,-1.6240234375000000
-2.9121093750000000,-2.7871093750000000,-2.4355468750000000,-2.7539062500000000,-2.5214843750000000,-2.2773437500000000,-2.2734375000000000,-2.3046875000000000,-2.0839843750000000
0.8374023437500000,0.8007812500000000,0.7690429687500000,0.8408203125000000,0.7041015625000000,0.6713867187500000,0.7001953125000000,0.5991210937500000,0.4877929687500000
-1.5859375000000000,-1.4414062500000000,-1.3525390625000000,-1.5917968750000000,-1.3193359375000000,-1.2841796875000000,-1.2167968750000000,-1.2480468750000000,-1.1591796875000000
0.6679687500000000,0.8710937500000000,0.6708984375000000,0.6713867187500000,0.7128906250000000,0.7290039062500000,0.7299804687500000,0.7387695312500000,0.6748046875000000
1.1982421875000000,1.4160156250000000,1.1962890625000000,1.1894531250000000,1.1552734375000000,1.1230468750000000,1.2148437500000000,1.1347656250000000,1.0400390625000000
-0.3747558593750000,-0.1740722656250000,-0.3217773437500000,-0.3156738281250000,-0.4057617187500000,-0.2021484375000000,-0.4008789062500000,-0.3718261718750000,-0.1845703125000000
-0.9384765625000000,-0.9956054687500000,-0.8027343750000000,-1.0205078125000000,-0.9873046875000000,-0.8686523437500000,-1.0126953125000000,-0.9526367187500000,-0.8637695312500000
-0.9121093750000000,-0.6840820312500000,-0.2983398437500000,-0.9750976562500000,-0.4555664062500000,-0.3942871093750000,-0.5595703125000000,-0.5683593750000000,-0.5214843750000000
0.4909667968750000,0.4531250000000000,-0.2182617187500000,0.4213867187500000,-0.2341308593750000,-0.1899414062500000,-0.3220214843750000,-0.3312988281250000,-0.3154296875000000
1.0332031250000000,0.8012695312500000,0.4328613281250000,0.9003906250000000,0.3635253906250000,0.2644042968750000,0.3977050781250000,0.3166503906250000,0.0979003906250000
0.1499023437500000,-0.0049858093261719,-0.0093460083007812,0.1239624023437500,-0.0375671386718750,0.0344238281250000,-0.1331787109375000,-0.1127319335937500,-0.1450195312500000
1.4199218750000000,1.4414062500000000,1.0244140625000000,1.4501953125000000,1.1923828125000000,1.1523437500000000,1.2333984375000000,1.1425781250000000,1.0839843750000000
-0.4138183593750000,-0.4411621093750000,-0.6577148437500000,-0.3178710937500000,-0.6391601562500000,-0.5019531250000000,-0.5512695312500000,-0.5976562500000000,-0.5092773437500000
0.3095703125000000,0.3615722656250000,0.3122558593750000,0.3422851562500000,0.2849121093750000,0.3632812500000000,0.2741699218750000,0.2634277343750000,0.2697753906250000
-0.9267578125000000,-0.5078125000000000,-0.4201660156250000,-0.8989257812500000,-0.5683593750000000,-0.3923339843750000,-0.5883789062500000,-0.5561523437500000,-0.5000000000000000
1.4667968750000000,1.4238281250000000,1.3369140625000000,1.5117187500000000,1.4150390625000000,1.3076171875000000,1.4023437500000000,1.3603515625000000,1.2431640625000000
-1.1601562500000000,-1.2451171875000000,-1.0878906250000000,-1.1181640625000000,-1.2685546875000000,-1.1611328125000000,-1.2275390625000000,-1.2470703125000000,-1.2460937500000000
-0.5742187500000000,-0.4760742187500000,-0.3908691406250000,-0.4792480468750000,-0.5942382812500000,-0.4565429687500000,-0.9282226562500000,-0.8779296875000000,-0.7329101562500000
-0.1281738281250000,-0.2298583984375000,0.0099716186523438,-0.1751708984375000,-0.2309570312500000,-0.1206665039062500,-0.3100585937500000,-0.4873046875000000,-0.4243164062500000
0.3764648437500000,0.1739501953125000,0.0711059570312500,0.4318847656250000,0.2268066406250000,0.1402587890625000,0.2729492187500000,0.1172485351562500,0.0862426757812500
1.0664062500000000,0.9594726562500000,0.9526367187500000,1.1367187500000000,1.0576171875000000,0.9887695312500000,1.1191406250000000,1.0507812500000000,0.9277343750000000
-0.8989257812500000,-0.7636718750000000,-0.5483398437500000,-0.7885742187500000,-0.6479492187500000,-0.5898437500000000,-0.7167968750000000,-0.7753906250000000,-0.7695312500000000
-1.0615234375000000,-1.1992187500000000,-1.1982421875000000,-0.9008789062500000,-1.1347656250000000,-0.9399414062500000,-1.0351562500000000,-1.2021484375000000,-1.1796875000000000
-1.5253906250000000,-1.6621093750000000,-1.2187500000000000,-1.4228515625000000,-1.3935546875000000,-1.2402343750000000,-1.2265625000000000,-1.3847656250000000,-1.3193359375000000
0.3117675781250000,0.0694580078125000,0.3210449218750000,0.2768554687500000,0.2946777343750000,0.2469482421875000,0.4831542968750000,0.3571777343750000,0.1033325195312500
0.7919921875000000,0.8388671875000000,0.4160156250000000,0.7495117187500000,0.3132324218750000,0.3715820312500000,0.2878417968750000,0.3083496093750000,0.2937011718750000
-0.6958007812500000,-0.6328125000000000,-0.2309570312500000,-0.6831054687500000,-0.3879394531250000,-0.2858886718750000,-0.5439453125000000,-0.5688476562500000,-0.5024414062500000
-1.5810546875000000,-1.7617187500000000,-1.5322265625000000,-1.5898437500000000,-1.6503906250000000,-1.4335937500000000,-1.6308593750000000,-1.5781250000000000,-1.4521484375000000
-1.1933593750000000,-1.3271484375000000,-1.0078125000000000,-1.2412109375000000,-1.1474609375000000,-1.0410156250000000,-1.1728515625000000,-1.1865234375000000,-1.0488281250000000
0.6835937500000000,0.5976562500000000,0.6606445312500000,0.6674804687500000,0.5810546875000000,0.5937500000000000,0.5810546875000000,0.4880371093750000,0.4899902343750000
1.2285156250000000,1.0556640625000000,1.2685546875000000,1.1416015625000000,1.0810546875000000,1.0908203125000000,0.9418945312500000,0.8447265625000000,0.7993164062500000
1.8496093750000000,1.7548828125000000,1.8476562500000000,1.7109375000000000,1.8134765625000000,1.7197265625000000,1.8300781250000000,1.7275390625000000,1.4863281250000000
0.8071289062500000,0.7163085937500000,0.2678222656250000,0.8251953125000000,0.2369384765625000,0.3117675781250000,0.3281250000000000,0.2215576171875000,0.2458496093750000
0.1733398437500000,0.0143966674804688,-0.2963867187500000,0.3930664062500000,0.1269531250000000,0.0032958984375000,0.4506835937500000,0.4438476562500000,0.3088378906250000
-0.1649169921875000,-0.5703125000000000,-0.1995849609375000,-0.1693115234375000,-0.2595214843750000,-0.2026367187500000,-0.2502441406250000,-0.3278808593750000,-0.2744140625000000
-0.0819702148437500,0.0855712890625000,0.0433959960937500,-0.1151733398437500,0.0180053710937500,0.0344238281250000,-0.0369567871093750,0.0098953247070312,0.0898437500000000
0.7773437500000000,0.7568359375000000,0.8955078125000000,0.8193359375000000,0.9516601562500000,0.9550781250000000,0.9160156250000000,0.8779296875000000,0.8842773437500000
0.0299530029296875,0.0673217773437500,0.0109634399414062,-0.0060462951660156,-0.1043090820312500,-0.0156555175781250,-0.1650390625000000,-0.1859130859375000,-0.0873413085937500
0.6225585937500000,0.8217773437500000,0.9594726562500000,0.5883789062500000,0.8598632812500000,0.8540039062500000,0.6376953125000000,0.6284179687500000,0.6518554687500000
0.0003983974456787,-0.1694335937500000,0.0121459960937500,-0.0624389648437500,-0.0911254882812500,-0.1527099609375000,-0.2442626953125000,-0.2371826171875000,-0.2169189453125000
1.7265625000000000,1.6894531250000000,1.9462890625000000,1.6582031250000000,1.8779296875000000,1.8134765625000000,1.6259765625000000,1.6064453125000000,1.5566406250000000
-1.2500000000000000,-1.3466796875000000,-1.2343750000000000,-1.2275390625000000,-1.1904296875000000,-1.1015625000000000,-1.2851562500000000,-1.2031250000000000,-1.0185546875000000
0.1472167968750000,0.1027832031250000,-0.2770996093750000,0.3823242187500000,0.0642700195312500,-0.0245361328125000,0.4189453125000000,0.3395996093750000,0.3007812500000000
1.0791015625000000,1.2519531250000000,1.2109375000000000,1.2031250000000000,1.1845703125000000,1.1855468750000000,1.2412109375000000,1.1748046875000000,1.1035156250000000
0.2161865234375000,0.2386474609375000,0.1033935546875000,0.3276367187500000,0.3559570312500000,0.1971435546875000,0.5610351562500000,0.5351562500000000,0.4079589843750000
1.2529296875000000,1.2236328125000000,1.2255859375000000,1.1933593750000000,1.1494140625000000,1.1425781250000000,1.1708984375000000,1.0527343750000000,0.9555664062500000
1.0751953125000000,1.0117187500000000,1.1591796875000000,1.1005859375000000,1.2607421875000000,1.1708984375000000,1.3691406250000000,1.3515625000000000,1.1972656250000000
-0.8066406250000000,-0.9379882812500000,-0.8310546875000000,-0.7202148437500000,-0.5883789062500000,-0.6108398437500000,-0.1929931640625000,-0.2514648437500000,-0.3354492187500000
0.7587890625000000,0.5781250000000000,0.5444335937500000,0.6762695312500000,0.4462890625000000,0.4582519531250000,0.4877929687500000,0.3693847656250000,0.2773437500000000
0.8266601562500000,0.5673828125000000,0.6499023437500000,0.7607421875000000,0.5732421875000000,0.5502929687500000,0.5112304687500000,0.4184570312500000,0.3347167968750000
1.2216796875000000,1.0937500000000000,1.2871093750000000,1.2138671875000000,1.3945312500000000,1.2353515625000000,1.3964843750000000,1.2783203125000000,1.1406250000000000
-0.1691894531250000,-0.2496337890625000,-0.0353698730468750,-0.1979980468750000,-0.0619201660156250,-0.0706176757812500,-0.0718383789062500,-0.1361083984375000,-0.1189575195312500
0.8476562500000000,0.7329101562500000,0.9321289062500000,0.7309570312500000,0.7802734375000000,0.7915039062500000,0.5429687500000000,0.4443359375000000,0.4213867187500000
-0.7104492187500000,-1.0371093750000000,-0.4396972656250000,-0.9526367187500000,-0.8183593750000000,-0.7719726562500000,-1.0292968750000000,-0.9765625000000000,-0.8999023437500000
-1.6142578125000000,-1.6845703125000000,-1.4394531250000000,-1.6015625000000000,-1.4785156250000000,-1.4130859375000000,-1.4404296875000000,-1.3603515625000000,-1.2343750000000000
-1.1884765625000000,-1.3144531250000000,-1.0136718750000000,-1.0830078125000000,-0.9179687500000000,-0.9052734375000000,-0.6372070312500000,-0.6352539062500000,-0.6635742187500000
-0.5556640625000000,-0.4118652343750000,-0.6625976562500000,-0.5488281250000000,-0.6801757812500000,-0.5361328125000000,-0.7802734375000000,-0.5874023437500000,-0.4931640625000000
-0.1350097656250000,-0.2041015625000000,-0.4489746093750000,-0.2639160156250000,-0.5126953125000000,-0.4753417968750000,-0.6503906250000000,-0.5512695312500000,-0.4941406250000000
-0.6005859375000000,-0.6069335937500000,-0.6162109375000000,-0.6293945312500000,-0.5214843750000000,-0.4707031250000000,-0.3864746093750000,-0.3203125000000000,-0.3366699218750000
1.2958984375000000,1.3349609375000000,1.1083984375000000,1.3974609375000000,1.3457031250000000,1.3222656250000000,1.5488281250000000,1.4189453125000000,1.3417968750000000
-1.1582031250000000,-0.6845703125000000,-0.3337402343750000,-1.2148437500000000,-0.3364257812500000,-0.2261962890625000,-0.3576660156250000,-0.2364501953125000,-0.1859130859375000
0.9326171875000000,0.8691406250000000,0.7875976562500000,0.9877929687500000,0.8745117187500000,0.7792968750000000,0.9619140625000000,0.8793945312500000,0.8520507812500000
0.8593750000000000,0.9096679687500000,0.5957031250000000,0.8935546875000000,0.6386718750000000,0.6333007812500000,0.6225585937500000,0.5957031250000000,0.5185546875000000
0.2407226562500000,0.1452636718750000,0.2431640625000000,0.2304687500000000,0.3002929687500000,0.2822265625000000,0.2868652343750000,0.2337646484375000,0.2197265625000000
-0.2407226562500000,-0.3559570312500000,-0.4716796875000000,-0.1789550781250000,-0.4208984375000000,-0.4162597656250000,-0.2568359375000000,-0.3361816406250000,-0.3095703125000000
-1.2382812500000000,-1.0507812500000000,-0.5693359375000000,-1.2216796875000000,-0.8437500000000000,-0.7919921875000000,-0.8188476562500000,-0.8886718750000000,-0.7548828125000000
-1.4765625000000000,-1.6572265625000000,-1.4287109375000000,-1.4912109375000000,-1.5214843750000000,-1.4345703125000000,-1.5537109375000000,-1.5341796875000000,-1.2832031250000000
1.3261718750000000,1.3955078125000000,1.4560546875000000,1.4023437500000000,1.5322265625000000,1.4843750000000000,1.5732421875000000,1.4814453125000000,1.3769531250000000
-0.6108398437500000,-0.6547851562500000,-0.4211425781250000,-0.5810546875000000,-0.4802246093750000,-0.3835449218750000,-0.4396972656250000,-0.3664550781250000,-0.3154296875000000
-1.0820312500000000,-0.9165039062500000,-0.8701171875000000,-0.9252929687500000,-0.8168945312500000,-0.7480468750000000,-0.6791992187500000,-0.5512695312500000,-0.4562988281250000
-0.9624023437500000,-1.1054687500000000,-0.5913085937500000,-0.8623046875000000,-0.6035156250000000,-0.4296875000000000,-0.5952148437500000,-0.6562500000000000,-0.4777832031250000
-0.9311523437500000,-1.0146484375000000,-1.0302734375000000,-0.9223632812500000,-0.9501953125000000,-0.7890625000000000,-0.6645507812500000,-0.5751953125000000,-0.6166992187500000
-0.2109375000000000,-0.3671875000000000,-0.0880737304687500,-0.1411132812500000,0.0402221679687500,-0.0143508911132812,0.2678222656250000,0.1762695312500000,0.0881958007812500
0.9238281250000000,0.8081054687500000,0.6059570312500000,1.0097656250000000,0.8383789062500000,0.7519531250000000,1.0947265625000000,0.9716796875000000,0.8437500000000000
-0.1514892578125000,-0.4311523437500000,-0.0820312500000000,-0.4555664062500000,-0.4667968750000000,-0.3942871093750000,-0.8159179687500000,-0.8139648437500000,-0.8168945312500000
0.3771972656250000,0.1160888671875000,0.2413330078125000,0.1749267578125000,0.0589294433593750,0.0495300292968750,-0.1627197265625000,-0.2504882812500000,-0.2373046875000000
0.9204101562500000,0.9750976562500000,0.8090820312500000,1.1503906250000000,1.1015625000000000,0.9721679687500000,1.2939453125000000,1.1953125000000000,1.0908203125000000
0.2391357421875000,-0.3942871093750000,-0.2034912109375000,-0.0094070434570312,-0.0612182617187500,-0.3388671875000000,0.3073730468750000,-0.0354309082031250,-0.2441406250000000
1.0253906250000000,0.8461914062500000,0.9116210937500000,0.9819335937500000,0.9072265625000000,0.8510742187500000,0.7768554687500000,0.7314453125000000,0.6494140625000000
0.6308593750000000,0.5737304687500000,0.2020263671875000,0.6582031250000000,0.3012695312500000,0.2080078125000000,0.4997558593750000,0.4113769531250000,0.2971191406250000
-0.8627929687500000,-0.8906250000000000,-0.6235351562500000,-0.8867187500000000,-0.7475585937500000,-0.6030273437500000,-0.7226562500000000,-0.7089843750000000,-0.5444335937500000
-0.2148437500000000,-0.1040649414062500,-0.2587890625000000,-0.2639160156250000,-0.4499511718750000,-0.2413330078125000,-0.5678710937500000,-0.5053710937500000,-0.3754882812500000
-0.0726318359375000,0.0507202148437500,0.0420227050781250,0.0598449707031250,-0.0225982666015625,0.1746826171875000,-0.1139526367187500,-0.0645751953125000,0.0367126464843750
-1.4785156250000000,-1.5546875000000000,-1.2294921875000000,-1.4638671875000000,-1.3505859375000000,-1.0878906250000000,-1.4228515625000000,-1.4179687500000000,-1.2412109375000000
-1.0449218750000000,-0.8525390625000000,-0.7919921875000000,-1.1181640625000000,-0.9121093750000000,-0.6538085937500000,-0.9106445312500000,-0.8354492187500000,-0.7333984375000000
0.6528320312500000,0.6225585937500000,0.4697265625000000,0.7343750000000000,0.6923828125000000,0.6118164062500000,0.6083984375000000,0.5097656250000000,0.5097656250000000
0.7553710937500000,0.8886718750000000,0.7744140625000000,0.9233398437500000,0.9584960937500000,0.8662109375000000,1.1298828125000000,1.0478515625000000,0.8994140625000000
0.5620117187500000,0.6401367187500000,0.6840820312500000,0.7265625000000000,0.8461914062500000,0.7827148437500000,0.9648437500000000,0.9541015625000000,0.8291015625000000
-0.3105468750000000,-0.4062500000000000,-1.1718750000000000,-0.2143554687500000,-0.7446289062500000,-0.9560546875000000,0.3046875000000000,-0.1461181640625000,-0.5317382812500000
1.0136718750000000,1.0185546875000000,0.9667968750000000,1.0292968750000000,0.9990234375000000,0.9746093750000000,0.9970703125000000,0.9580078125000000,0.9575195312500000
-0.9350585937500000,-1.0595703125000000,-0.9057617187500000,-0.8964843750000000,-0.9072265625000000,-0.7890625000000000,-0.8344726562500000,-0.7749023437500000,-0.6909179687500000
1.0859375000000000,0.9482421875000000,0.9956054687500000,0.9316406250000000,0.9184570312500000,0.7875976562500000,0.8969726562500000,0.7753906250000000,0.6567382812500000
0.3234863281250000,0.2407226562500000,0.4777832031250000,0.2792968750000000,0.4816894531250000,0.4082031250000000,0.4851074218750000,0.4440917968750000,0.3261718750000000
-0.0094604492187500,-0.0496215820312500,0.0553588867187500,-0.1234130859375000,-0.1064453125000000,0.0285186767578125,-0.0558776855468750,-0.0404663085937500,-0.0580444335937500
0.2863769531250000,0.2396240234375000,0.4440917968750000,0.3100585937500000,0.5581054687500000,0.4279785156250000,0.6201171875000000,0.5117187500000000,0.4206542968750000
0.2396240234375000,0.3334960937500000,0.2529296875000000,0.2344970703125000,0.3178710937500000,0.2705078125000000,0.2512207031250000,0.2604980468750000,0.2301025390625000
1.0234375000000000,1.1064453125000000,1.0625000000000000,0.9760742187500000,1.0615234375000000,0.9711914062500000,1.0175781250000000,0.9633789062500000,0.9150390625000000
-1.4707031250000000,-0.9228515625000000,-0.9487304687500000,-1.4648437500000000,-0.8969726562500000,-0.9047851562500000,-1.0156250000000000,-0.9560546875000000,-0.9042968750000000
-0.6196289062500000,-0.3977050781250000,-0.3737792968750000,-0.6831054687500000,-0.3950195312500000,-0.4836425781250000,-0.5332031250000000,-0.3952636718750000,-0.4628906250000000
1.6376953125000000,1.5966796875000000,1.5791015625000000,1.6025390625000000,1.4941406250000000,1.5390625000000000,1.5117187500000000,1.4638671875000000,1.4873046875000000
-0.8085937500000000,-0.8632812500000000,-0.8989257812500000,-0.8100585937500000,-0.8129882812500000,-0.9121093750000000,-0.8935546875000000,-0.8637695312500000,-0.8876953125000000
-1.7216796875000000,-2.1230468750000000,-2.4433593750000000,-1.9501953125000000,-2.1054687500000000,-2.3886718750000000,-2.1406250000000000,-2.1523437500000000,-2.3925781250000000
1.1884765625000000,1.1523437500000000,1.0830078125000000,1.1865234375000000,1.0800781250000000,1.0839843750000000,1.1826171875000000,1.1074218750000000,1.1406250000000000
-0.0633544921875000,0.4384765625000000,0.6914062500000000,-0.1007690429687500,0.5043945312500000,0.6435546875000000,0.3708496093750000,0.4318847656250000,0.6162109375000000
-0.2359619140625000,-0.4450683593750000,-0.5893554687500000,-0.1319580078125000,-0.3337402343750000,-0.5239257812500000,-0.2121582031250000,-0.2863769531250000,-0.4626464843750000
1.9589843750000000,1.9863281250000000,1.8837890625000000,1.9394531250000000,1.9306640625000000,1.9775390625000000,1.9296875000000000,1.8193359375000000,1.9472656250000000
-0.7934570312500000,-0.8813476562500000,-0.9414062500000000,-0.9160156250000000,-0.8496093750000000,-0.9589843750000000,-0.7954101562500000,-0.8920898437500000,-0.9824218750000000
-1.0205078125000000,-1.3564453125000000,-1.3994140625000000,-1.1904296875000000,-1.2148437500000000,-1.2949218750000000,-1.2597656250000000,-1.3281250000000000,-1.4208984375000000
-1.6767578125000000,-1.4101562500000000,-1.7275390625000000,-1.7617187500000000,-1.5976562500000000,-1.5839843750000000,-1.4921875000000000,-1.3808593750000000,-1.5576171875000000
1.5722656250000000,1.4453125000000000,1.4628906250000000,1.5458984375000000,1.3574218750000000,1.4199218750000000,1.3779296875000000,1.3779296875000000,1.4453125000000000
-1.1748046875000000,-0.8896484375000000,-0.6689453125000000,-1.3242187500000000,-0.7573242187500000,-0.6616210937500000,-0.9633789062500000,-0.7011718750000000,-0.6567382812500000
1.2900390625000000,0.9604492187500000,0.8037109375000000,1.1943359375000000,0.7446289062500000,0.8110351562500000,0.7763671875000000,0.7373046875000000,0.7548828125000000
0.9355468750000000,1.0673828125000000,1.2343750000000000,0.9350585937500000,1.2089843750000000,1.1855468750000000,1.2675781250000000,1.2607421875000000,1.1767578125000000
0.8081054687500000,0.4599609375000000,0.2714843750000000,0.7397460937500000,0.4453125000000000,0.2839355468750000,0.6230468750000000,0.4777832031250000,0.4016113281250000
0.9165039062500000,1.0498046875000000,0.9858398437500000,0.9863281250000000,1.0771484375000000,1.0849609375000000,1.2509765625000000,1.1699218750000000,1.1699218750000000
-0.6298828125000000,-0.8847656250000000,-0.9707031250000000,-0.7490234375000000,-0.8686523437500000,-0.9487304687500000,-0.7714843750000000,-0.7875976562500000,-0.9062500000000000
0.0858764648437500,0.0834960937500000,0.2292480468750000,-0.1270751953125000,0.2088623046875000,0.0564880371093750,0.1292724609375000,0.1629638671875000,0.0038452148437500
-0.0676269531250000,-0.2897949218750000,-0.6435546875000000,-0.3125000000000000,-0.6103515625000000,-0.6489257812500000,-0.6450195312500000,-0.6293945312500000,-0.9111328125000000
-0.3188476562500000,-0.5405273437500000,-0.5112304687500000,-0.5107421875000000,-0.6176757812500000,-0.7207031250000000,-0.8120117187500000,-0.6752929687500000,-0.8554687500000000
1.8466796875000000,2.1503906250000000,2.0820312500000000,1.8691406250000000,2.1113281250000000,2.0937500000000000,2.1406250000000000,2.0839843750000000,2.1054687500000000
-0.6948242187500000,-1.4433593750000000,-1.8408203125000000,-0.8666992187500000,-1.6103515625000000,-1.7011718750000000,-1.5488281250000000,-1.5488281250000000,-1.7578125000000000
0.7124023437500000,0.5903320312500000,0.6967773437500000,0.6259765625000000,0.7739257812500000,0.7172851562500000,0.8295898437500000,0.6738281250000000,0.6196289062500000
0.3671875000000000,0.4143066406250000,0.3769531250000000,0.2314453125000000,0.3273925781250000,0.3566894531250000,0.3776855468750000,0.3095703125000000,0.3825683593750000
-0.4108886718750000,-0.3874511718750000,-0.5039062500000000,-0.3796386718750000,-0.3911132812500000,-0.4699707031250000,-0.3620605468750000,-0.4030761718750000,-0.4707031250000000
0.9960937500000000,1.0126953125000000,1.0595703125000000,1.0048828125000000,0.9243164062500000,0.9946289062500000,0.8725585937500000,0.8076171875000000,0.8955078125000000
0.0567626953125000,-0.3259277343750000,-0.5971679687500000,-0.0926513671875000,-0.4003906250000000,-0.6186523437500000,-0.2695312500000000,-0.3972167968750000,-0.6250000000000000
-0.7548828125000000,-1.2939453125000000,-1.4697265625000000,-0.8081054687500000,-1.3574218750000000,-1.5292968750000000,-1.3837890625000000,-1.6464843750000000,-1.8066406250000000
0.1778564453125000,0.0649414062500000,0.0512390136718750,0.0859375000000000,-0.0554504394531250,0.0966796875000000,-0.0268859863281250,-0.0292510986328125,0.0466308593750000
0.9145507812500000,0.9677734375000000,0.9184570312500000,0.8051757812500000,0.8320312500000000,0.8671875000000000,0.7783203125000000,0.8056640625000000,0.8417968750000000
1.0839843750000000,0.6025390625000000,0.5805664062500000,1.0205078125000000,0.5585937500000000,0.5566406250000000,0.6914062500000000,0.4616699218750000,0.3994140625000000
-0.7314453125000000,-0.9790039062500000,-0.9643554687500000,-0.8564453125000000,-0.8676757812500000,-1.0488281250000000,-0.9760742187500000,-0.9672851562500000,-1.1171875000000000
1.2783203125000000,1.0693359375000000,1.0771484375000000,1.1943359375000000,1.0419921875000000,1.0273437500000000,0.9975585937500000,0.9472656250000000,0.9897460937500000
0.8198242187500000,0.5043945312500000,0.1407470703125000,0.7504882812500000,0.2028808593750000,0.2409667968750000,0.0574035644531250,0.1397705078125000,0.0686035156250000
-0.6582031250000000,-0.4411621093750000,-0.4189453125000000,-0.6166992187500000,-0.3334960937500000,-0.2442626953125000,-0.2778320312500000,-0.1524658203125000,-0.2105712890625000
-0.3034667968750000,-0.3222656250000000,-0.2761230468750000,-0.4111328125000000,-0.1574707031250000,-0.2436523437500000,-0.0211334228515625,-0.0868530273437500,-0.2102050781250000
-0.1779785156250000,-0.5063476562500000,-0.6557617187500000,-0.2890625000000000,-0.6274414062500000,-0.6845703125000000,-0.6372070312500000,-0.6259765625000000,-0.6743164062500000
1.4902343750000000,1.3457031250000000,1.1738281250000000,1.4824218750000000,1.2265625000000000,1.1767578125000000,1.4052734375000000,1.2470703125000000,1.1992187500000000
-0.3676757812500000,-1.4365234375000000,-1.6103515625000000,-0.6953125000000000,-1.4257812500000000,-1.6210937500000000,-1.3427734375000000,-1.4316406250000000,-1.7382812500000000
-0.0562438964843750,0.0279693603515625,-0.0083770751953125,-0.0647583007812500,0.1049194335937500,-0.0346069335937500,0.1420898437500000,0.0311431884765625,-0.0358886718750000
-0.3913574218750000,-0.4584960937500000,-0.4360351562500000,-0.5751953125000000,-0.4750976562500000,-0.5585937500000000,-0.4174804687500000,-0.5312500000000000,-0.6220703125000000
-0.2617187500000000,-0.3188476562500000,-0.5146484375000000,-0.4934082031250000,-0.4382324218750000,-0.4482421875000000,-0.3142089843750000,-0.3815917968750000,-0.5263671875000000
-0.8281250000000000,-0.9619140625000000,-0.9155273437500000,-1.0019531250000000,-0.6220703125000000,-0.6855468750000000,-0.5307617187500000,-0.6669921875000000,-0.7065429687500000
-0.0459594726562500,-0.1439208984375000,-0.3276367187500000,-0.1232299804687500,-0.2595214843750000,-0.3574218750000000,-0.2553710937500000,-0.2590332031250000,-0.3640136718750000
-0.5258789062500000,-0.3947753906250000,-0.3964843750000000,-0.5742187500000000,-0.3439941406250000,-0.2976074218750000,-0.3647460937500000,-0.2893066406250000,-0.3120117187500000
1.3515625000000000,1.3808593750000000,1.4453125000000000,1.3261718750000000,1.4541015625000000,1.4746093750000000,1.4687500000000000,1.4033203125000000,1.4287109375000000
-0.1263427734375000,-0.1191406250000000,-0.1392822265625000,-0.3156738281250000,-0.1478271484375000,-0.1511230468750000,-0.1065063476562500,-0.1170043945312500,-0.1826171875000000
-0.2656250000000000,-0.2849121093750000,-0.0839843750000000,-0.4184570312500000,0.0929565429687500,0.0960693359375000,0.2956542968750000,0.2203369140625000,0.2083740234375000
-0.7177734375000000,-0.7812500000000000,-0.7333984375000000,-0.7231445312500000,-0.7465820312500000,-0.8081054687500000,-0.9223632812500000,-0.8144531250000000,-0.8579101562500000
-0.2810058593750000,-0.5024414062500000,-0.6513671875000000,-0.2427978515625000,-0.6323242187500000,-0.6499023437500000,-0.6025390625000000,-0.6376953125000000,-0.7885742187500000
0.1944580078125000,0.0241088867187500,-0.0994873046875000,0.0553588867187500,-0.0662231445312500,-0.0742187500000000,-0.0883789062500000,-0.0378112792968750,-0.1154785156250000
-0.0410461425781250,-0.6074218750000000,-0.7241210937500000,-0.2316894531250000,-0.6044921875000000,-0.6718750000000000,-0.5971679687500000,-0.6826171875000000,-0.7348632812500000
1.9609375000000000,1.9599609375000000,1.8857421875000000,1.9355468750000000,1.7675781250000000,1.8867187500000000,1.7949218750000000,1.7578125000000000,1.8398437500000000
-0.8427734375000000,-0.9555664062500000,-1.0908203125000000,-0.9116210937500000,-1.0195312500000000,-1.1250000000000000,-0.9892578125000000,-0.9521484375000000,-1.2167968750000000
-1.2724609375000000,-1.4189453125000000,-1.5507812500000000,-1.5117187500000000,-1.3496093750000000,-1.3505859375000000,-1.1767578125000000,-1.1445312500000000,-1.3105468750000000
-0.0459594726562500,-0.2963867187500000,-0.0864868164062500,-0.3405761718750000,-0.1988525390625000,-0.0541076660156250,-0.4069824218750000,-0.2565917968750000,-0.2052001953125000
1.7988281250000000,1.7929687500000000,1.8476562500000000,1.7900390625000000,1.8388671875000000,1.8369140625000000,1.8769531250000000,1.7841796875000000,1.8369140625000000
0.5659179687500000,0.5043945312500000,-0.0103988647460938,0.4868164062500000,0.0809326171875000,0.0371704101562500,-0.0570373535156250,-0.0200500488281250,-0.1101074218750000
-0.0334167480468750,-0.5708007812500000,-0.6694335937500000,-0.1807861328125000,-0.4768066406250000,-0.5878906250000000,-0.3090820312500000,-0.2763671875000000,-0.5507812500000000
-0.1490478515625000,-0.3112792968750000,-0.4645996093750000,-0.2844238281250000,-0.4548339843750000,-0.5253906250000000,-0.5385742187500000,-0.4543457031250000,-0.6401367187500000
-1.0361328125000000,-1.1855468750000000,-1.4082031250000000,-1.0488281250000000,-1.2763671875000000,-1.4218750000000000,-1.3212890625000000,-1.3212890625000000,-1.5595703125000000
-0.4411621093750000,-0.6499023437500000,-0.6333007812500000,-0.5297851562500000,-0.6049804687500000,-0.6459960937500000,-0.6494140625000000,-0.5751953125000000,-0.6083984375000000
-0.6816406250000000,-0.6591796875000000,-0.7709960937500000,-0.7304687500000000,-0.6665039062500000,-0.6606445312500000,-0.5766601562500000,-0.6323242187500000,-0.6416015625000000
1.6269531250000000,1.6738281250000000,1.7734375000000000,1.5898437500000000,1.7548828125000000,1.8076171875000000,1.8203125000000000,1.8134765625000000,1.8798828125000000
0.2895507812500000,0.3894042968750000,0.4624023437500000,0.2749023437500000,0.4448242187500000,0.4423828125000000,0.4069824218750000,0.3698730468750000,0.4138183593750000
-0.2308349609375000,-0.1918945312500000,-0.2590332031250000,-0.5249023437500000,0.0676879882812500,-0.1831054687500000,0.2113037109375000,0.1009521484375000,-0.0440673828125000
-1.2500000000000000,-1.3105468750000000,-1.3525390625000000,-1.5361328125000000,-1.2021484375000000,-1.3388671875000000,-1.2119140625000000,-1.1142578125000000,-1.3291015625000000
-1.6542968750000000,-1.7294921875000000,-1.7871093750000000,-1.6923828125000000,-1.6943359375000000,-1.6445312500000000,-1.6513671875000000,-1.5400390625000000,-1.7158203125000000
-0.4733886718750000,-0.7368164062500000,-0.6015625000000000,-0.5556640625000000,-0.5024414062500000,-0.5805664062500000,-0.4680175781250000,-0.3701171875000000,-0.5288085937500000
0.6875000000000000,0.6289062500000000,0.6181640625000000,0.6562500000000000,0.5883789062500000,0.6035156250000000,0.4326171875000000,0.3989257812500000,0.4401855468750000
-1.9853515625000000,-1.6494140625000000,-1.8017578125000000,-1.9736328125000000,-1.6699218750000000,-1.6181640625000000,-1.5927734375000000,-1.3730468750000000,-1.5507812500000000
0.3327636718750000,0.3347167968750000,0.3735351562500000,0.2033691406250000,0.3413085937500000,0.3635253906250000,0.2802734375000000,0.2902832031250000,0.3547363281250000
1.0537109375000000,0.9013671875000000,0.7773437500000000,0.9169921875000000,0.7807617187500000,0.7309570312500000,0.8144531250000000,0.7456054687500000,0.6660156250000000
0.5776367187500000,0.3332519531250000,0.2597656250000000,0.4963378906250000,0.3386230468750000,0.3237304687500000,0.4042968750000000,0.3066406250000000,0.3278808593750000
-0.3300781250000000,-0.3288574218750000,-0.4335937500000000,-0.4824218750000000,-0.4326171875000000,-0.5903320312500000,-0.5092773437500000,-0.4765625000000000,-0.6333007812500000
-0.4428710937500000,-0.3874511718750000,-0.4240722656250000,-0.5175781250000000,-0.3859863281250000,-0.4506835937500000,-0.3723144531250000,-0.4897460937500000,-0.5268554687500000
-1.4990234375000000,-1.5263671875000000,-1.6562500000000000,-1.6103515625000000,-1.5917968750000000,-1.6816406250000000,-1.6103515625000000,-1.5742187500000000,-1.6367187500000000
0.5463867187500000,0.9970703125000000,1.1816406250000000,0.3991699218750000,1.2236328125000000,1.2880859375000000,1.2548828125000000,1.2373046875000000,1.3535156250000000
-0.2320556640625000,-0.2790527343750000,-0.4296875000000000,-0.2697753906250000,-0.1795654296875000,-0.3381347656250000,-0.1221313476562500,-0.2775878906250000,-0.4042968750000000
0.6752929687500000,0.6582031250000000,0.8481445312500000,0.6088867187500000,0.8920898437500000,0.8784179687500000,0.9375000000000000,0.8432617187500000,0.7514648437500000
1.4863281250000000,1.4736328125000000,1.2890625000000000,1.4414062500000000,1.2373046875000000,1.2451171875000000,1.2539062500000000,1.1689453125000000,1.1943359375000000
1.6025390625000000,1.3330078125000000,1.2539062500000000,1.5898437500000000,1.2158203125000000,1.1757812500000000,1.1816406250000000,1.0156250000000000,1.0400390625000000
-0.4133300781250000,-0.6562500000000000,-0.7192382812500000,-0.4624023437500000,-0.5781250000000000,-0.6787109375000000,-0.5454101562500000,-0.5507812500000000,-0.5839843750000000
-0.9477539062500000,-1.2392578125000000,-1.3095703125000000,-1.0400390625000000,-1.2431640625000000,-1.3134765625000000,-1.3251953125000000,-1.2617187500000000,-1.3691406250000000
0.1328125000000000,-0.3745117187500000,-0.5668945312500000,0.0320434570312500,-0.5546875000000000,-0.5952148437500000,-0.5781250000000000,-0.6328125000000000,-0.6645507812500000
0.7089843750000000,0.3652343750000000,0.3359375000000000,0.7158203125000000,0.3344726562500000,0.3703613281250000,0.3879394531250000,0.3088378906250000,0.2985839843750000
0.5117187500000000,0.4819335937500000,0.4160156250000000,0.5996093750000000,0.4020996093750000,0.4641113281250000,0.3400878906250000,0.4736328125000000,0.4516601562500000
1.5820312500000000,1.6044921875000000,1.6250000000000000,1.5546875000000000,1.5351562500000000,1.5947265625000000,1.5761718750000000,1.5849609375000000,1.6367187500000000
0.5937500000000000,0.2209472656250000,0.3488769531250000,0.4885253906250000,0.2187500000000000,0.3347167968750000,0.1206665039062500,0.1978759765625000,0.2313232421875000
-1.7910156250000000,-2.0234375000000000,-2.1503906250000000,-2.0019531250000000,-1.9433593750000000,-2.1093750000000000,-1.9697265625000000,-1.8105468750000000,-1.9980468750000000
1.7246093750000000,1.5898437500000000,1.5957031250000000,1.7197265625000000,1.5556640625000000,1.5859375000000000,1.6181640625000000,1.5449218750000000,1.5781250000000000
0.8305664062500000,0.9106445312500000,0.9570312500000000,0.7075195312500000,0.8183593750000000,0.8339843750000000,0.6967773437500000,0.7099609375000000,0.7114257812500000
1.2656250000000000,1.2802734375000000,1.2597656250000000,1.2070312500000000,1.2060546875000000,1.1992187500000000,1.1435546875000000,1.0605468750000000,1.0703125000000000
-0.1593017578125000,-0.2231445312500000,-0.2470703125000000,-0.2504882812500000,-0.0925903320312500,-0.1561279296875000,-0.1889648437500000,-0.1059570312500000,-0.2174072265625000
0.7006835937500000,0.3964843750000000,0.4204101562500000,0.6030273437500000,0.4814453125000000,0.3918457031250000,0.4755859375000000,0.3657226562500000,0.3283691406250000
2.1152343750000000,2.0488281250000000,2.1894531250000000,2.1835937500000000,2.1796875000000000,2.2128906250000000,2.1113281250000000,2.0507812500000000,2.1992187500000000
1.4951171875000000,1.5966796875000000,1.6943359375000000,1.5156250000000000,1.5722656250000000,1.6630859375000000,1.6015625000000000,1.5771484375000000,1.6474609375000000
0.9584960937500000,0.5664062500000000,0.4885253906250000,0.9028320312500000,0.5815429687500000,0.5600585937500000,0.7285156250000000,0.6333007812500000,0.6298828125000000
1.4824218750000000,1.0791015625000000,1.1357421875000000,1.4033203125000000,1.1005859375000000,1.1083984375000000,1.1894531250000000,1.0283203125000000,1.0136718750000000
0.7514648437500000,0.5395507812500000,0.4919433593750000,0.6826171875000000,0.5112304687500000,0.4270019531250000,0.5219726562500000,0.4768066406250000,0.4443359375000000
-1.5927734375000000,-1.5869140625000000,-1.6054687500000000,-1.6552734375000000,-1.5888671875000000,-1.6796875000000000,-1.6601562500000000,-1.6269531250000000,-1.7460937500000000
1.8369140625000000,1.6464843750000000,1.6875000000000000,1.7763671875000000,1.6591796875000000,1.6650390625000000,1.7099609375000000,1.6630859375000000,1.6738281250000000
1.3994140625000000,1.5810546875000000,1.6708984375000000,1.3945312500000000,1.6337890625000000,1.6357421875000000,1.6230468750000000,1.5732421875000000,1.6103515625000000
-0.8525390625000000,-1.0800781250000000,-1.0957031250000000,-0.9697265625000000,-1.1005859375000000,-1.2216796875000000,-1.0351562500000000,-1.0341796875000000,-1.2041015625000000
-0.9472656250000000,-1.0761718750000000,-0.9819335937500000,-1.0410156250000000,-0.8955078125000000,-1.0371093750000000,-0.8447265625000000,-0.7319335937500000,-1.0410156250000000
-1.2763671875000000,-1.6162109375000000,-2.1445312500000000,-1.4892578125000000,-1.9658203125000000,-2.1074218750000000,-2.0644531250000000,-1.6816406250000000,-2.1406250000000000
0.7958984375000000,0.4272460937500000,0.5937500000000000,0.7690429687500000,0.4399414062500000,0.5708007812500000,0.3374023437500000,0.4350585937500000,0.4392089843750000
-1.1992187500000000,-1.2128906250000000,-1.3046875000000000,-1.2470703125000000,-1.1796875000000000,-1.3535156250000000,-1.2626953125000000,-1.1650390625000000,-1.3896484375000000
-1.4511718750000000,-1.6240234375000000,-1.8349609375000000,-1.5498046875000000,-1.7197265625000000,-1.8525390625000000,-1.7900390625000000,-1.6855468750000000,-1.9482421875000000
-0.5288085937500000,-0.6743164062500000,-0.6914062500000000,-0.5224609375000000,-0.5478515625000000,-0.6518554687500000,-0.4897460937500000,-0.5361328125000000,-0.6196289062500000
1.5771484375000000,1.5781250000000000,1.6220703125000000,1.5830078125000000,1.5341796875000000,1.5800781250000000,1.5791015625000000,1.5068359375000000,1.5185546875000000
-0.0334777832031250,-0.1661376953125000,-0.2905273437500000,-0.0955810546875000,-0.2583007812500000,-0.2741699218750000,-0.2069091796875000,-0.2211914062500000,-0.2919921875000000
-0.3500976562500000,-0.7202148437500000,-0.7871093750000000,-0.3876953125000000,-0.7524414062500000,-0.7333984375000000,-0.7739257812500000,-0.7783203125000000,-0.7636718750000000
1.3144531250000000,1.4091796875000000,1.5175781250000000,1.2978515625000000,1.4355468750000000,1.5048828125000000,1.3896484375000000,1.4042968750000000,1.4658203125000000
-0.8559570312500000,-1.0273437500000000,-1.1416015625000000,-0.9526367187500000,-1.0634765625000000,-1.0878906250000000,-1.1386718750000000,-1.1083984375000000,-1.2070312500000000
-0.6489257812500000,-0.6982421875000000,-0.8315429687500000,-0.6982421875000000,-0.7968750000000000,-0.9750976562500000,-0.8339843750000000,-0.9350585937500000,-1.0126953125000000
1.0078125000000000,0.9306640625000000,0.9975585937500000,1.0136718750000000,0.9628906250000000,0.9145507812500000,0.9165039062500000,0.9931640625000000,0.5942382812500000
-0.4687500000000000,-0.9541015625000000,-1.0126953125000000,-0.4001464843750000,-0.9174804687500000,-1.2265625000000000,-0.4082031250000000,-0.5244140625000000,-1.0312500000000000
0.0392761230468750,0.1595458984375000,0.3325195312500000,0.0238800048828125,0.2175292968750000,0.2822265625000000,0.4304199218750000,0.3920898437500000,0.3347167968750000
-0.1761474609375000,-0.2044677734375000,-0.2617187500000000,-0.0733642578125000,-0.3029785156250000,-0.3122558593750000,-0.0355224609375000,-0.1916503906250000,0.1627197265625000
0.5517578125000000,0.1683349609375000,0.0367126464843750,0.5947265625000000,0.1857910156250000,0.0376892089843750,-0.1033325195312500,0.0852050781250000,0.1754150390625000
0.0908203125000000,0.3544921875000000,0.2003173828125000,0.0836181640625000,0.1838378906250000,0.2264404296875000,0.4794921875000000,0.3579101562500000,0.3930664062500000
-0.1751708984375000,-0.3352050781250000,-0.2800292968750000,-0.2402343750000000,-0.3896484375000000,-0.2875976562500000,0.2384033203125000,0.2883300781250000,-0.7578125000000000
-0.5717773437500000,-0.4479980468750000,-0.3488769531250000,-0.5390625000000000,-0.3156738281250000,-0.1837158203125000,0.0364074707031250,0.1403808593750000,-0.7426757812500000
-0.3378906250000000,-0.0692749023437500,0.0357360839843750,-0.3513183593750000,-0.0132141113281250,0.0946044921875000,-0.3046875000000000,-0.4477539062500000,-0.4733886718750000
0.8852539062500000,0.8134765625000000,0.8242187500000000,0.8803710937500000,0.7285156250000000,0.6069335937500000,1.0546875000000000,0.9746093750000000,0.7817382812500000
-0.2871093750000000,-0.4533691406250000,-0.4187011718750000,-0.2100830078125000,-0.4699707031250000,-0.5981445312500000,-0.8032226562500000,-0.7900390625000000,-0.7783203125000000
0.5366210937500000,0.2321777343750000,0.2014160156250000,0.5449218750000000,0.2261962890625000,0.1054687500000000,-0.0640869140625000,-0.1445312500000000,0.0440673828125000
-0.0905761718750000,-0.1304931640625000,-0.0524902343750000,-0.1229248046875000,-0.1856689453125000,-0.0962524414062500,-0.2849121093750000,-0.3508300781250000,-0.3144531250000000
-1.5585937500000000,-1.6699218750000000,-1.9873046875000000,-1.4511718750000000,-1.8427734375000000,-1.9326171875000000,-1.7441406250000000,-1.7685546875000000,-2.0878906250000000
-1.0869140625000000,-0.9497070312500000,-0.9794921875000000,-1.0830078125000000,-0.9931640625000000,-0.9160156250000000,-1.1816406250000000,-1.1533203125000000,-1.0888671875000000
1.3085937500000000,1.1933593750000000,1.3437500000000000,1.3339843750000000,1.3173828125000000,1.3398437500000000,1.0185546875000000,1.0292968750000000,1.3281250000000000
-1.2851562500000000,-1.2470703125000000,-1.3847656250000000,-1.2763671875000000,-1.4306640625000000,-1.4423828125000000,-1.4091796875000000,-1.5185546875000000,-1.5781250000000000
-1.5625000000000000,-1.5634765625000000,-1.6113281250000000,-1.5361328125000000,-1.5908203125000000,-1.7167968750000000,-1.6884765625000000,-1.7373046875000000,-1.8535156250000000
1.2412109375000000,1.3330078125000000,1.3154296875000000,1.2343750000000000,1.2246093750000000,1.1992187500000000,1.2587890625000000,1.2451171875000000,1.2607421875000000
-0.3811035156250000,-0.2298583984375000,-0.3442382812500000,-0.3425292968750000,-0.3156738281250000,-0.3024902343750000,-0.3051757812500000,-0.3471679687500000,-0.2641601562500000
0.6538085937500000,0.8266601562500000,0.7832031250000000,0.7807617187500000,0.8798828125000000,0.9018554687500000,0.8344726562500000,0.8251953125000000,0.8842773437500000
-1.3974609375000000,-1.4414062500000000,-1.5849609375000000,-1.5585937500000000,-1.5761718750000000,-1.7421875000000000,-1.7500000000000000,-1.8994140625000000,-1.8261718750000000
-0.7573242187500000,-1.2734375000000000,-1.2714843750000000,-0.6533203125000000,-1.1250000000000000,-1.0712890625000000,-1.4472656250000000,-1.5224609375000000,-1.2958984375000000
-0.1896972656250000,-0.5463867187500000,-0.6225585937500000,-0.1512451171875000,-0.6035156250000000,-0.5507812500000000,-0.5502929687500000,-0.6010742187500000,-0.6030273437500000
0.4885253906250000,0.8046875000000000,0.8710937500000000,0.4045410156250000,0.7666015625000000,0.8217773437500000,0.8408203125000000,0.9340820312500000,0.7622070312500000
-0.3061523437500000,-0.0433349609375000,-0.2966308593750000,-0.2976074218750000,-0.1318359375000000,-0.1536865234375000,-0.0333251953125000,-0.1661376953125000,-0.0636596679687500
1.8828125000000000,1.9208984375000000,1.9511718750000000,1.8847656250000000,1.9160156250000000,1.9326171875000000,1.7246093750000000,1.7080078125000000,1.9707031250000000
-0.5961914062500000,-0.7158203125000000,-0.5200195312500000,-0.5273437500000000,-0.5878906250000000,-0.4731445312500000,-0.5229492187500000,-0.3647460937500000,-0.5512695312500000
-0.6567382812500000,-0.6225585937500000,-0.6625976562500000,-0.6499023437500000,-0.6591796875000000,-0.6689453125000000,-0.6210937500000000,-0.6352539062500000,-0.7177734375000000
1.3261718750000000,0.9614257812500000,0.9980468750000000,1.3271484375000000,1.0283203125000000,1.0537109375000000,0.8193359375000000,0.7773437500000000,1.0703125000000000
-0.6997070312500000,-0.9765625000000000,-1.1298828125000000,-0.6088867187500000,-0.9433593750000000,-0.9213867187500000,-0.8847656250000000,-0.9018554687500000,-1.0410156250000000
1.5800781250000000,1.5712890625000000,1.5996093750000000,1.5625000000000000,1.5810546875000000,1.6357421875000000,1.6630859375000000,1.6738281250000000,1.6748046875000000
1.8544921875000000,1.8203125000000000,1.8144531250000000,1.8466796875000000,1.7714843750000000,1.7568359375000000,1.4833984375000000,1.5556640625000000,1.7675781250000000
1.0576171875000000,0.8999023437500000,0.9472656250000000,1.1103515625000000,0.9106445312500000,0.8671875000000000,0.9663085937500000,0.9375000000000000,0.8320312500000000
1.9775390625000000,2.0800781250000000,2.1542968750000000,1.9970703125000000,2.0839843750000000,2.0800781250000000,2.0859375000000000,2.1132812500000000,2.0937500000000000
1.5292968750000000,1.5781250000000000,1.5195312500000000,1.5800781250000000,1.5322265625000000,1.4853515625000000,1.2910156250000000,1.3525390625000000,1.4365234375000000
-1.6357421875000000,-1.7480468750000000,-1.8857421875000000,-1.7207031250000000,-1.8613281250000000,-2.0273437500000000,-1.9541015625000000,-2.0761718750000000,-2.2050781250000000
1.1562500000000000,1.1640625000000000,0.9960937500000000,1.2001953125000000,1.0849609375000000,1.0830078125000000,1.4707031250000000,1.3974609375000000,1.4541015625000000
1.3300781250000000,1.0996093750000000,1.2656250000000000,1.3701171875000000,1.2392578125000000,1.2373046875000000,1.2792968750000000,1.2578125000000000,1.2949218750000000
-0.6669921875000000,-0.6284179687500000,-0.6997070312500000,-0.6201171875000000,-0.6000976562500000,-0.6718750000000000,-0.3935546875000000,-0.4311523437500000,-0.6757812500000000
0.1510009765625000,0.0152053833007812,-0.0980834960937500,0.1768798828125000,-0.0329284667968750,0.0198364257812500,-0.1947021484375000,-0.2194824218750000,0.0216827392578125
-0.3430175781250000,-0.3391113281250000,-0.3178710937500000,-0.3864746093750000,-0.3825683593750000,-0.3935546875000000,-0.2800292968750000,-0.3041992187500000,-0.4270019531250000
-1.7294921875000000,-1.6630859375000000,-1.8876953125000000,-1.7529296875000000,-1.8056640625000000,-1.8779296875000000,-1.8281250000000000,-1.8662109375000000,-1.9482421875000000
-0.1359863281250000,-0.2761230468750000,-0.2927246093750000,-0.1099243164062500,-0.2514648437500000,-0.3400878906250000,-0.1954345703125000,-0.2392578125000000,-0.3127441406250000
-0.2457275390625000,-0.4250488281250000,-0.5004882812500000,-0.2851562500000000,-0.4445800781250000,-0.4685058593750000,-0.6391601562500000,-0.6098632812500000,-0.5351562500000000
-0.3269042968750000,-0.1895751953125000,-0.3986816406250000,-0.4101562500000000,-0.4160156250000000,-0.5019531250000000,-0.6162109375000000,-0.7065429687500000,-0.5571289062500000
-0.0122146606445312,-0.1015014648437500,-0.1684570312500000,-0.1400146484375000,-0.2015380859375000,-0.1618652343750000,-0.1569824218750000,-0.1199340820312500,-0.1755371093750000
-0.4228515625000000,-0.2421875000000000,-0.3723144531250000,-0.3540039062500000,-0.4353027343750000,-0.3891601562500000,-0.7353515625000000,-0.7031250000000000,-0.4328613281250000
-1.3496093750000000,-1.6142578125000000,-1.8037109375000000,-1.3115234375000000,-1.6318359375000000,-1.7314453125000000,-1.7548828125000000,-1.8613281250000000,-1.7822265625000000
-0.3828125000000000,-0.8833007812500000,-1.2197265625000000,-0.3066406250000000,-0.8120117187500000,-0.9487304687500000,-0.8955078125000000,-0.8745117187500000,-0.5253906250000000
-1.3525390625000000,-1.5488281250000000,-1.7636718750000000,-1.4960937500000000,-1.7138671875000000,-1.8720703125000000,-1.7666015625000000,-1.9003906250000000,-2.1171875000000000
0.8803710937500000,0.8710937500000000,0.9228515625000000,0.8984375000000000,0.9062500000000000,0.9169921875000000,0.6186523437500000,0.6879882812500000,0.9360351562500000
-1.1201171875000000,-1.0507812500000000,-1.2509765625000000,-1.1328125000000000,-1.1982421875000000,-1.2626953125000000,-1.2060546875000000,-1.2666015625000000,-1.3447265625000000
-0.8999023437500000,-1.0751953125000000,-1.1123046875000000,-0.8325195312500000,-0.9843750000000000,-0.9331054687500000,-1.0175781250000000,-1.0273437500000000,-0.9487304687500000
0.2685546875000000,0.2673339843750000,0.0978393554687500,0.3103027343750000,0.1751708984375000,0.0946044921875000,0.3215332031250000,0.3686523437500000,0.1120605468750000
0.2536621093750000,0.1394042968750000,0.0802001953125000,0.2050781250000000,0.1129760742187500,0.0625610351562500,-0.0959472656250000,-0.1259765625000000,0.1213378906250000
-0.2700195312500000,-0.2958984375000000,-0.4614257812500000,-0.3320312500000000,-0.5009765625000000,-0.5869140625000000,-0.3422851562500000,-0.3369140625000000,-0.5190429687500000
-1.5644531250000000,-1.4267578125000000,-1.7246093750000000,-1.6298828125000000,-1.6171875000000000,-1.8251953125000000,-1.5478515625000000,-1.7148437500000000,-1.7998046875000000
0.8471679687500000,0.9072265625000000,0.7656250000000000,0.8334960937500000,0.9047851562500000,0.8750000000000000,0.6538085937500000,0.6865234375000000,0.9238281250000000
1.1220703125000000,1.2705078125000000,1.4169921875000000,1.1181640625000000,1.2607421875000000,1.2158203125000000,1.6562500000000000,1.5800781250000000,1.2158203125000000
-0.0390930175781250,-0.1458740234375000,-0.0248413085937500,-0.0786743164062500,-0.0587463378906250,-0.0827636718750000,-0.0202026367187500,-0.0533447265625000,-0.1276855468750000
0.3056640625000000,0.2241210937500000,0.0276184082031250,0.2563476562500000,0.1641845703125000,-0.0234222412109375,0.2817382812500000,0.3146972656250000,-0.0090408325195312
2.1445312500000000,2.0878906250000000,2.1464843750000000,2.1132812500000000,2.0839843750000000,2.1171875000000000,1.9609375000000000,1.9765625000000000,2.1757812500000000
0.9423828125000000,0.9609375000000000,0.9160156250000000,0.9018554687500000,0.9477539062500000,0.9472656250000000,1.2470703125000000,1.2607421875000000,0.9833984375000000
-1.0234375000000000,-1.0136718750000000,-1.1855468750000000,-0.9174804687500000,-1.1035156250000000,-1.1611328125000000,-1.0585937500000000,-1.2148437500000000,-1.1728515625000000
0.4143066406250000,0.3967285156250000,0.3376464843750000,0.3801269531250000,0.3801269531250000,0.3830566406250000,0.3527832031250000,0.3415527343750000,0.4157714843750000
-0.1453857421875000,-0.2250976562500000,-0.3395996093750000,-0.0868530273437500,-0.2122802734375000,-0.3305664062500000,-0.1198730468750000,-0.1077880859375000,-0.2546386718750000
-1.3046875000000000,-1.4550781250000000,-1.6025390625000000,-1.4667968750000000,-1.5869140625000000,-1.6660156250000000,-1.5136718750000000,-1.5898437500000000,-1.7246093750000000
-1.2861328125000000,-1.3027343750000000,-1.4111328125000000,-1.4091796875000000,-1.4677734375000000,-1.5166015625000000,-1.4091796875000000,-1.4619140625000000,-1.5703125000000000
-0.4816894531250000,-0.5122070312500000,-0.6206054687500000,-0.4672851562500000,-0.5932617187500000,-0.6430664062500000,-0.6215820312500000,-0.6611328125000000,-0.7714843750000000
0.3020019531250000,0.0321655273437500,0.0803222656250000,0.3615722656250000,0.1396484375000000,0.2360839843750000,0.1669921875000000,0.1763916015625000,0.0823364257812500
0.8344726562500000,0.9501953125000000,0.9550781250000000,0.8085937500000000,0.9453125000000000,0.9555664062500000,0.9145507812500000,0.9291992187500000,0.7260742187500000
-0.5976562500000000,-0.7651367187500000,-0.7729492187500000,-0.6655273437500000,-0.7285156250000000,-0.8847656250000000,-0.3786621093750000,-0.4370117187500000,-0.7563476562500000
-1.1933593750000000,-1.1210937500000000,-1.2392578125000000,-1.2890625000000000,-1.0732421875000000,-1.1640625000000000,-1.2236328125000000,-1.2333984375000000,-1.5107421875000000
-0.9794921875000000,-1.2851562500000000,-1.4697265625000000,-1.0419921875000000,-1.2998046875000000,-1.3417968750000000,-1.4335937500000000,-1.4951171875000000,-1.4091796875000000
-0.1959228515625000,-0.3620605468750000,-0.2597656250000000,-0.2028808593750000,-0.2263183593750000,-0.1798095703125000,-0.3374023437500000,-0.3493652343750000,-0.2124023437500000
-0.0739135742187500,-0.0393066406250000,-0.0084457397460938,-0.0405883789062500,-0.0577697753906250,0.0789794921875000,0.3022460937500000,0.3952636718750000,0.0216827392578125
0.9604492187500000,1.2148437500000000,1.2343750000000000,0.9521484375000000,1.1992187500000000,1.2001953125000000,1.7763671875000000,1.8134765625000000,1.2089843750000000
1.6425781250000000,1.7294921875000000,1.7568359375000000,1.6474609375000000,1.7148437500000000,1.7402343750000000,1.7236328125000000,1.7568359375000000,1.7744140625000000
1.1396484375000000,0.9965820312500000,1.1865234375000000,1.1923828125000000,1.1611328125000000,1.1689453125000000,1.3574218750000000,1.3554687500000000,1.1552734375000000
0.5048828125000000,0.4172363281250000,0.4929199218750000,0.5239257812500000,0.4272460937500000,0.4462890625000000,0.2543945312500000,0.1761474609375000,0.4016113281250000
2.3281250000000000,2.2363281250000000,2.2773437500000000,2.3437500000000000,2.3007812500000000,2.3144531250000000,2.3105468750000000,2.3007812500000000,2.3359375000000000
-0.6748046875000000,-0.3168945312500000,-0.3640136718750000,-0.8222656250000000,-0.3288574218750000,-0.5419921875000000,-0.3454589843750000,-0.4060058593750000,-0.4072265625000000
-2.7617187500000000,-2.8750000000000000,-3.0468750000000000,-2.8925781250000000,-2.7890625000000000,-2.7988281250000000,-2.8710937500000000,-3.1542968750000000,-3.3222656250000000
-1.1142578125000000,-1.4257812500000000,-1.4707031250000000,-1.1923828125000000,-1.4863281250000000,-1.4667968750000000,-1.3232421875000000,-1.2851562500000000,-1.6425781250000000
0.3869628906250000,0.4597167968750000,0.1766357421875000,0.4003906250000000,0.3020019531250000,0.2551269531250000,0.2868652343750000,0.3537597656250000,0.0773315429687500
-1.1611328125000000,-1.2636718750000000,-1.3896484375000000,-1.1113281250000000,-1.4316406250000000,-1.4482421875000000,-0.8994140625000000,-0.9711914062500000,-1.6572265625000000
-2.0136718750000000,-1.9902343750000000,-2.1503906250000000,-2.1289062500000000,-2.1523437500000000,-2.2695312500000000,-2.1152343750000000,-2.1914062500000000,-2.2519531250000000
-1.6269531250000000,-1.5576171875000000,-1.7050781250000000,-1.6054687500000000,-1.6269531250000000,-1.5908203125000000,-1.3349609375000000,-1.4013671875000000,-1.7275390625000000
0.7651367187500000,0.8720703125000000,1.0078125000000000,0.8564453125000000,0.9096679687500000,1.0371093750000000,0.8583984375000000,0.9223632812500000,1.0312500000000000
-0.4824218750000000,-0.3879394531250000,-0.4030761718750000,-0.5136718750000000,-0.4489746093750000,-0.3632812500000000,-0.3183593750000000,-0.2109375000000000,-0.4079589843750000
0.1306152343750000,-0.2137451171875000,-0.0955200195312500,0.1180419921875000,-0.0828857421875000,-0.1331787109375000,-0.1474609375000000,-0.2893066406250000,-0.1203002929687500
-1.6425781250000000,-1.6083984375000000,-1.7421875000000000,-1.6689453125000000,-1.7246093750000000,-1.8300781250000000,-1.4707031250000000,-1.4580078125000000,-1.8232421875000000
1.0957031250000000,0.8276367187500000,0.8906250000000000,1.1162109375000000,0.8847656250000000,0.7558593750000000,0.7221679687500000,0.6459960937500000,0.7451171875000000
0.6479492187500000,0.7539062500000000,0.8022460937500000,0.7011718750000000,0.7749023437500000,0.8081054687500000,0.9980468750000000,1.0595703125000000,0.8203125000000000
2.1484375000000000,2.0957031250000000,2.0468750000000000,2.1308593750000000,2.0683593750000000,2.0351562500000000,1.9501953125000000,1.9628906250000000,2.0625000000000000
-1.2226562500000000,-1.3896484375000000,-1.4179687500000000,-1.2246093750000000,-1.3837890625000000,-1.5136718750000000,-1.3984375000000000,-1.5019531250000000,-1.4130859375000000
-0.7719726562500000,-0.7416992187500000,-0.8334960937500000,-0.7939453125000000,-0.8305664062500000,-1.0175781250000000,-0.6210937500000000,-0.6972656250000000,-1.1064453125000000
-0.3239746093750000,-0.4260253906250000,-0.5488281250000000,-0.2976074218750000,-0.3334960937500000,-0.4909667968750000,-0.4526367187500000,-0.5507812500000000,-0.3935546875000000
-0.4433593750000000,-0.7685546875000000,-0.6928710937500000,-0.4628906250000000,-0.6708984375000000,-0.6870117187500000,-0.8505859375000000,-0.9135742187500000,-0.7426757812500000
1.6191406250000000,1.3232421875000000,1.4648437500000000,1.6484375000000000,1.4843750000000000,1.5214843750000000,1.2070312500000000,1.2548828125000000,1.5615234375000000
-0.3593750000000000,-0.2297363281250000,-0.2268066406250000,-0.4060058593750000,-0.2366943359375000,-0.2529296875000000,-0.3752441406250000,-0.3498535156250000,-0.2924804687500000
-0.0126190185546875,0.2089843750000000,0.1727294921875000,0.0553588867187500,0.1539306640625000,0.2061767578125000,-0.1251220703125000,0.0405273437500000,0.2021484375000000
-1.4960937500000000,-1.5234375000000000,-1.5664062500000000,-1.5791015625000000,-1.6552734375000000,-1.7861328125000000,-1.5781250000000000,-1.6982421875000000,-1.8837890625000000
-0.9672851562500000,-1.0732421875000000,-1.1318359375000000,-0.9096679687500000,-1.0996093750000000,-0.9853515625000000,-1.1464843750000000,-1.2099609375000000,-1.0810546875000000
-1.2158203125000000,-1.2294921875000000,-1.5166015625000000,-1.2822265625000000,-1.5380859375000000,-1.5419921875000000,-1.4169921875000000,-1.5439453125000000,-1.6201171875000000
-0.4340820312500000,-0.5224609375000000,-0.6884765625000000,-0.3645019531250000,-0.4755859375000000,-0.6010742187500000,-0.3259277343750000,-0.2500000000000000,-0.5410156250000000
-1.0576171875000000,-1.2177734375000000,-1.1748046875000000,-0.9667968750000000,-0.9355468750000000,-0.9497070312500000,-1.2646484375000000,-1.1425781250000000,-1.0712890625000000
0.2396240234375000,0.0583801269531250,0.1125488281250000,0.2132568359375000,0.0494995117187500,0.0104370117187500,0.1413574218750000,0.0988159179687500,-0.0010213851928711
-1.0908203125000000,-1.2441406250000000,-1.4619140625000000,-1.0351562500000000,-1.3300781250000000,-1.5771484375000000,-1.3642578125000000,-1.4453125000000000,-1.4785156250000000
-0.4284667968750000,-0.5019531250000000,-0.7524414062500000,-0.3452148437500000,-0.6132812500000000,-0.6733398437500000,0.2412109375000000,0.2296142578125000,-0.6059570312500000
-0.0978393554687500,-0.2369384765625000,-0.0919189453125000,-0.1177368164062500,-0.1643066406250000,0.0383300781250000,-0.4194335937500000,-0.3647460937500000,-0.0969238281250000
0.2327880859375000,0.1354980468750000,0.0813598632812500,0.3154296875000000,0.1367187500000000,0.1583251953125000,0.5844726562500000,0.6577148437500000,0.0660400390625000
-0.3188476562500000,-0.0960083007812500,-0.1389160156250000,-0.3071289062500000,-0.1547851562500000,-0.2651367187500000,0.1657714843750000,0.1430664062500000,-0.2817382812500000
0.3291015625000000,-0.0737304687500000,-0.1888427734375000,0.3024902343750000,-0.1578369140625000,-0.1129760742187500,-0.2587890625000000,-0.2507324218750000,-0.1922607421875000
0.1424560546875000,-0.1638183593750000,-0.1378173828125000,0.1113891601562500,-0.1771240234375000,-0.1269531250000000,0.0108642578125000,0.0228729248046875,-0.1667480468750000
-0.4692382812500000,-0.9321289062500000,-0.7573242187500000,-0.4157714843750000,-0.7871093750000000,-0.6899414062500000,-1.0185546875000000,-0.9824218750000000,-0.7363281250000000
0.8359375000000000,0.8291015625000000,0.8271484375000000,0.8413085937500000,0.7363281250000000,0.7192382812500000,0.9726562500000000,0.9389648437500000,0.7026367187500000
-1.1572265625000000,-1.5185546875000000,-1.6689453125000000,-1.2041015625000000,-1.6152343750000000,-1.6953125000000000,-1.5644531250000000,-1.6875000000000000,-1.7558593750000000
-0.6157226562500000,-0.3862304687500000,-0.3129882812500000,-0.7011718750000000,-0.3046875000000000,-0.1370849609375000,0.1281738281250000,0.1166381835937500,-0.3750000000000000
2.0488281250000000,1.9853515625000000,2.0371093750000000,2.0156250000000000,2.0019531250000000,1.9882812500000000,2.0898437500000000,2.0898437500000000,2.0605468750000000
1.8574218750000000,1.6513671875000000,1.7539062500000000,1.8593750000000000,1.6904296875000000,1.6875000000000000,1.6337890625000000,1.6621093750000000,1.8017578125000000
-0.9721679687500000,-0.7836914062500000,-0.9682617187500000,-0.9155273437500000,-0.9511718750000000,-0.9326171875000000,-0.8559570312500000,-0.9208984375000000,-1.1132812500000000
-0.8999023437500000,-1.1513671875000000,-1.1699218750000000,-0.9321289062500000,-1.2226562500000000,-1.3417968750000000,-1.1142578125000000,-1.3027343750000000,-1.2656250000000000
-0.2707519531250000,-0.1694335937500000,-0.3393554687500000,-0.3183593750000000,-0.3315429687500000,-0.2954101562500000,0.0500488281250000,0.0748291015625000,-0.2125244140625000
-0.1263427734375000,-0.2131347656250000,-0.1945800781250000,-0.0807495117187500,-0.1702880859375000,-0.2651367187500000,-0.2360839843750000,-0.3110351562500000,-0.1129150390625000
0.0661621093750000,-0.2707519531250000,-0.3969726562500000,0.0775756835937500,-0.2122802734375000,-0.3334960937500000,-0.1383056640625000,0.1081542968750000,-0.2104492187500000
-1.5371093750000000,-1.6289062500000000,-1.7324218750000000,-1.5478515625000000,-1.6552734375000000,-1.7919921875000000,-1.6689453125000000,-1.7431640625000000,-1.7812500000000000
1.5253906250000000,1.2626953125000000,1.2929687500000000,1.5410156250000000,1.2666015625000000,1.2949218750000000,1.4980468750000000,1.5292968750000000,1.3652343750000000
-0.7680664062500000,-1.0664062500000000,-1.1611328125000000,-0.9311523437500000,-1.1542968750000000,-1.3076171875000000,-1.2910156250000000,-1.1982421875000000,-1.4296875000000000
-2.7148437500000000,-2.7304687500000000,-2.7714843750000000,-2.7421875000000000,-2.8125000000000000,-2.7285156250000000,-2.7714843750000000,-2.8691406250000000,-2.8046875000000000
0.4450683593750000,0.4760742187500000,0.6284179687500000,0.4501953125000000,0.5957031250000000,0.8178710937500000,1.0517578125000000,1.0029296875000000,1.2187500000000000
-0.9497070312500000,-0.7319335937500000,-0.9077148437500000,-0.9794921875000000,-0.8583984375000000,-0.8666992187500000,-0.8061523437500000,-0.7705078125000000,-0.8222656250000000
-1.1435546875000000,-1.0546875000000000,-1.1464843750000000,-1.1201171875000000,-1.0537109375000000,-0.9902343750000000,-1.3427734375000000,-1.4570312500000000,-1.3457031250000000
0.4729003906250000,0.4675292968750000,0.6181640625000000,0.4001464843750000,0.5058593750000000,0.5766601562500000,0.5185546875000000,0.5400390625000000,0.5761718750000000
-1.5800781250000000,-1.3593750000000000,-1.4921875000000000,-1.6142578125000000,-1.5068359375000000,-1.4902343750000000,-1.4365234375000000,-1.4472656250000000,-1.5087890625000000
-0.6215820312500000,-0.5375976562500000,-0.5786132812500000,-0.6127929687500000,-0.5683593750000000,-0.5136718750000000,-0.7758789062500000,-0.7255859375000000,-0.5493164062500000
1.8232421875000000,1.5126953125000000,1.4931640625000000,1.8681640625000000,1.5869140625000000,1.5869140625000000,1.5273437500000000,1.4960937500000000,1.5673828125000000
0.3435058593750000,0.5673828125000000,0.6298828125000000,0.2973632812500000,0.6171875000000000,0.6079101562500000,0.6147460937500000,0.7192382812500000,0.2161865234375000
1.3906250000000000,1.4970703125000000,1.5605468750000000,1.3857421875000000,1.4677734375000000,1.5322265625000000,1.4453125000000000,1.5224609375000000,1.5869140625000000
1.0507812500000000,1.1484375000000000,1.2558593750000000,1.0507812500000000,1.1796875000000000,1.2929687500000000,1.3496093750000000,1.4384765625000000,1.3613281250000000
-0.1772460937500000,-0.0833740234375000,-0.1993408203125000,-0.1635742187500000,-0.1899414062500000,-0.2104492187500000,-0.0802001953125000,-0.0712280273437500,-0.1750488281250000
0.2279052734375000,0.2127685546875000,0.2602539062500000,0.1944580078125000,0.2570800781250000,0.2408447265625000,0.1770019531250000,0.2254638671875000,0.2225341796875000
0.9946289062500000,0.8012695312500000,1.0078125000000000,0.9472656250000000,0.8886718750000000,0.9487304687500000,0.5053710937500000,0.6269531250000000,0.9018554687500000
1.2705078125000000,1.3789062500000000,1.5009765625000000,1.2783203125000000,1.4550781250000000,1.4902343750000000,1.5839843750000000,1.5859375000000000,1.4619140625000000
1.0839843750000000,0.9868164062500000,0.9790039062500000,1.0966796875000000,0.9477539062500000,0.8647460937500000,0.9184570312500000,1.0742187500000000,0.8598632812500000
-0.2722167968750000,-0.6743164062500000,-0.8417968750000000,-0.2187500000000000,-0.6538085937500000,-0.7270507812500000,-0.9238281250000000,-1.0292968750000000,-0.6420898437500000
0.9130859375000000,0.8754882812500000,0.9887695312500000,0.9282226562500000,0.9555664062500000,0.9077148437500000,1.3183593750000000,1.2968750000000000,0.9331054687500000
-1.1132812500000000,-1.1953125000000000,-1.3349609375000000,-1.1191406250000000,-1.2929687500000000,-1.4453125000000000,-1.2890625000000000,-1.4345703125000000,-1.5595703125000000
1.0361328125000000,0.8793945312500000,0.9038085937500000,1.0849609375000000,0.9824218750000000,1.0156250000000000,0.9282226562500000,0.9409179687500000,1.0761718750000000
1.8964843750000000,1.9775390625000000,2.0468750000000000,1.8974609375000000,1.9716796875000000,2.0058593750000000,2.0722656250000000,2.0781250000000000,2.0664062500000000
-2.2226562500000000,-2.0097656250000000,-2.1386718750000000,-2.1640625000000000,-2.1894531250000000,-2.2675781250000000,-2.2343750000000000,-2.3046875000000000,-2.4062500000000000
-2.0781250000000000,-1.9736328125000000,-2.1191406250000000,-2.0488281250000000,-2.0898437500000000,-2.1074218750000000,-2.0175781250000000,-2.0546875000000000,-2.1132812500000000
0.6708984375000000,0.5839843750000000,0.4030761718750000,0.6127929687500000,0.3806152343750000,0.3442382812500000,0.3454589843750000,0.4003906250000000,0.3139648437500000
-1.7099609375000000,-1.8847656250000000,-1.9013671875000000,-1.7402343750000000,-1.9218750000000000,-2.0742187500000000,-1.9384765625000000,-2.1113281250000000,-2.2656250000000000
-0.6098632812500000,-0.4067382812500000,-0.3100585937500000,-0.6411132812500000,-0.4436035156250000,-0.3630371093750000,-0.2453613281250000,-0.6176757812500000,-0.2878417968750000
1.5908203125000000,1.8095703125000000,2.0957031250000000,1.6513671875000000,2.0664062500000000,2.0527343750000000,1.8857421875000000,1.9550781250000000,2.1054687500000000
0.3991699218750000,0.5371093750000000,0.6235351562500000,0.3701171875000000,0.5180664062500000,0.5576171875000000,0.5488281250000000,0.4663085937500000,0.3596191406250000
-0.0856323242187500,0.0307464599609375,-0.0038127899169922,-0.0904541015625000,0.0451965332031250,-0.0578918457031250,0.1899414062500000,0.1550292968750000,0.1000366210937500
-2.2812500000000000,-2.1113281250000000,-2.3496093750000000,-2.3046875000000000,-2.3281250000000000,-2.4355468750000000,-2.3496093750000000,-2.4531250000000000,-2.5019531250000000
0.2719726562500000,0.5566406250000000,0.4750976562500000,0.2668457031250000,0.4377441406250000,0.4416503906250000,0.7700195312500000,0.8745117187500000,0.5224609375000000
-1.5810546875000000,-1.5634765625000000,-1.6816406250000000,-1.5458984375000000,-1.6386718750000000,-1.7050781250000000,-1.3027343750000000,-1.3710937500000000,-1.7216796875000000
-0.0736083984375000,-0.2039794921875000,-0.2298583984375000,0.0047721862792969,-0.0687866210937500,-0.1994628906250000,-0.3869628906250000,-0.4099121093750000,-0.1154785156250000
0.7587890625000000,1.0361328125000000,0.9091796875000000,0.7246093750000000,0.9287109375000000,0.9418945312500000,0.7739257812500000,0.7607421875000000,1.0302734375000000
0.1317138671875000,0.2983398437500000,0.2578125000000000,0.0879516601562500,0.1983642578125000,0.1669921875000000,0.7011718750000000,0.7792968750000000,0.2120361328125000
-1.5517578125000000,-1.2529296875000000,-1.6093750000000000,-1.7148437500000000,-1.5087890625000000,-1.6816406250000000,-1.5830078125000000,-1.6044921875000000,-1.6611328125000000
-1.7324218750000000,-1.8564453125000000,-1.9179687500000000,-1.6689453125000000,-1.8037109375000000,-2.0117187500000000,-1.7265625000000000,-1.7607421875000000,-1.9404296875000000
-1.2324218750000000,-1.0742187500000000,-1.1083984375000000,-1.2363281250000000,-1.0917968750000000,-1.2353515625000000,-0.9731445312500000,-1.0781250000000000,-1.1455078125000000
-0.1600341796875000,-0.0933837890625000,-0.3493652343750000,-0.1871337890625000,-0.3393554687500000,-0.3574218750000000,-0.5209960937500000,-0.5024414062500000,-0.2680664062500000
1.2500000000000000,1.1474609375000000,1.0869140625000000,1.2695312500000000,1.1367187500000000,1.0878906250000000,1.1064453125000000,1.1582031250000000,1.3466796875000000
-0.1988525390625000,-0.3061523437500000,-0.1622314453125000,-0.1276855468750000,-0.1894531250000000,-0.2343750000000000,-0.0043144226074219,0.0067138671875000,-0.2697753906250000
-0.7939453125000000,-1.0810546875000000,-1.0351562500000000,-0.7944335937500000,-0.9311523437500000,-1.0351562500000000,-0.9926757812500000,-1.0390625000000000,-1.0146484375000000
0.9575195312500000,0.9086914062500000,0.9926757812500000,0.9951171875000000,1.0332031250000000,1.0839843750000000,0.9414062500000000,0.9887695312500000,1.1552734375000000
-0.5068359375000000,-0.5097656250000000,-0.5844726562500000,-0.5004882812500000,-0.4958496093750000,-0.3854980468750000,-0.4499511718750000,-0.4645996093750000,-0.3291015625000000
-1.0556640625000000,-0.6591796875000000,-0.7993164062500000,-0.9819335937500000,-0.8520507812500000,-0.8950195312500000,-0.7871093750000000,-0.8750000000000000,-0.9956054687500000
1.1923828125000000,1.2705078125000000,1.4052734375000000,1.2158203125000000,1.3945312500000000,1.4179687500000000,1.3007812500000000,1.3251953125000000,1.4609375000000000
-0.4204101562500000,-0.4082031250000000,-0.3854980468750000,-0.3576660156250000,-0.3298339843750000,-0.4707031250000000,-0.5903320312500000,-0.7553710937500000,-0.4526367187500000
-1.9521484375000000,-2.0527343750000000,-2.2109375000000000,-2.0019531250000000,-2.1992187500000000,-2.4101562500000000,-1.7050781250000000,-1.8789062500000000,-2.4824218750000000
-1.2001953125000000,-0.8852539062500000,-0.9526367187500000,-1.1513671875000000,-1.1611328125000000,-1.1435546875000000,-0.5903320312500000,-0.5659179687500000,-1.0507812500000000
-2.2656250000000000,-2.2773437500000000,-2.7226562500000000,-2.3378906250000000,-2.4609375000000000,-2.4746093750000000,-2.2382812500000000,-2.4804687500000000,-2.1914062500000000
1.1025390625000000,1.0429687500000000,1.0136718750000000,1.1083984375000000,1.0312500000000000,1.0488281250000000,1.1855468750000000,1.1464843750000000,1.0810546875000000
0.1362304687500000,-0.0687255859375000,-0.2059326171875000,0.1800537109375000,-0.0625000000000000,-0.2408447265625000,0.0249633789062500,-0.0015506744384766,0.1076049804687500
0.3933105468750000,0.5385742187500000,0.7407226562500000,0.3713378906250000,0.5166015625000000,0.5556640625000000,0.8051757812500000,0.7871093750000000,0.6235351562500000
-0.5678710937500000,-0.4782714843750000,-0.6450195312500000,-0.6074218750000000,-0.6123046875000000,-0.7084960937500000,-0.5048828125000000,-0.5141601562500000,-0.6708984375000000
-0.9033203125000000,-0.9121093750000000,-1.2070312500000000,-0.8881835937500000,-1.0947265625000000,-1.2490234375000000,-0.9453125000000000,-0.9438476562500000,-1.1728515625000000
-0.2514648437500000,-0.5893554687500000,-0.5625000000000000,-0.2498779296875000,-0.4821777343750000,-0.5336914062500000,-0.6708984375000000,-0.7436523437500000,-0.5625000000000000
1.1269531250000000,0.9638671875000000,0.4641113281250000,1.0898437500000000,0.5463867187500000,0.5263671875000000,0.1629638671875000,0.1380615234375000,0.6000976562500000
0.3513183593750000,0.2381591796875000,0.2266845703125000,0.3442382812500000,0.3647460937500000,0.3264160156250000,0.2895507812500000,0.2583007812500000,0.4182128906250000
-0.2795410156250000,-0.3437500000000000,-0.1323242187500000,-0.2531738281250000,-0.1683349609375000,-0.1317138671875000,-0.6547851562500000,-0.5473632812500000,-0.1408691406250000
1.3447265625000000,1.3242187500000000,1.3134765625000000,1.3642578125000000,1.4033203125000000,1.3203125000000000,1.1152343750000000,1.0839843750000000,1.3857421875000000
0.0424804687500000,0.2199707031250000,0.0377502441406250,0.0213012695312500,0.0859375000000000,0.1472167968750000,0.0661010742187500,0.0375366210937500,0.1696777343750000
1.2392578125000000,1.0107421875000000,1.0908203125000000,1.2167968750000000,1.1132812500000000,1.1357421875000000,1.2285156250000000,1.3662109375000000,1.0410156250000000
0.2534179687500000,0.1925048828125000,0.0276031494140625,0.1793212890625000,0.0074424743652344,-0.1212158203125000,0.2800292968750000,0.2038574218750000,-0.0637817382812500
2.3027343750000000,2.3125000000000000,2.3945312500000000,2.3027343750000000,2.3242187500000000,2.3828125000000000,2.3437500000000000,2.3730468750000000,2.3281250000000000
-0.1697998046875000,-0.1311035156250000,-0.1188964843750000,-0.1322021484375000,-0.1616210937500000,-0.1657714843750000,0.1196899414062500,0.1138916015625000,-0.2440185546875000
-0.8974609375000000,-0.7226562500000000,-0.8134765625000000,-0.9677734375000000,-0.9111328125000000,-0.8383789062500000,-0.5332031250000000,-0.4699707031250000,-0.8457031250000000
0.5268554687500000,0.6435546875000000,0.6689453125000000,0.5395507812500000,0.6972656250000000,0.6616210937500000,0.8437500000000000,0.8398437500000000,0.6977539062500000
-0.4028320312500000,-0.4470214843750000,-0.5024414062500000,-0.3793945312500000,-0.4934082031250000,-0.5297851562500000,-0.7246093750000000,-0.6909179687500000,-0.5693359375000000
-0.2216796875000000,0.0297698974609375,-0.1252441406250000,-0.2342529296875000,-0.1966552734375000,-0.2100830078125000,0.2836914062500000,0.2861328125000000,-0.3361816406250000
-0.1805419921875000,-0.1796875000000000,-0.2003173828125000,-0.2144775390625000,-0.1285400390625000,-0.1144409179687500,-0.2115478515625000,-0.2460937500000000,-0.1379394531250000
1.4970703125000000,1.6865234375000000,1.7255859375000000,1.5068359375000000,1.6406250000000000,1.7070312500000000,1.3486328125000000,1.4550781250000000,1.7802734375000000
0.7216796875000000,0.8090820312500000,0.8798828125000000,0.6674804687500000,0.7832031250000000,0.7695312500000000,0.9306640625000000,1.0283203125000000,0.7246093750000000
0.0587463378906250,-0.1433105468750000,-0.0001773834228516,-0.1095581054687500,-0.0237121582031250,-0.1303710937500000,0.0864868164062500,0.0220489501953125,0.0114517211914062
-0.0195007324218750,0.1568603515625000,0.1240844726562500,-0.0651855468750000,0.0390930175781250,-0.0567626953125000,0.2685546875000000,0.3940429687500000,-0.3720703125000000
1.0556640625000000,1.0449218750000000,1.1162109375000000,1.0771484375000000,1.1601562500000000,1.0849609375000000,1.3925781250000000,1.3466796875000000,1.1289062500000000
1.1542968750000000,1.3867187500000000,1.5009765625000000,1.0986328125000000,1.5126953125000000,1.5898437500000000,0.9794921875000000,1.0888671875000000,1.0332031250000000
0.7939453125000000,0.8403320312500000,0.9394531250000000,0.8618164062500000,0.9775390625000000,0.9672851562500000,1.5820312500000000,1.6015625000000000,1.0214843750000000
-1.8984375000000000,-1.8759765625000000,-2.0253906250000000,-2.0019531250000000,-2.0742187500000000,-2.0976562500000000,-1.9833984375000000,-2.0820312500000000,-2.0742187500000000
-1.4775390625000000,-1.4082031250000000,-1.6191406250000000,-1.5410156250000000,-1.5644531250000000,-1.5888671875000000,-1.4462890625000000,-1.4902343750000000,-1.6582031250000000
1.3759765625000000,1.3906250000000000,1.6191406250000000,1.4042968750000000,1.5361328125000000,1.6083984375000000,1.5820312500000000,1.6718750000000000,1.6171875000000000
1.9375000000000000,1.8613281250000000,1.9423828125000000,1.9814453125000000,1.9882812500000000,2.0390625000000000,1.8330078125000000,1.8408203125000000,2.1171875000000000
-0.7880859375000000,-0.8471679687500000,-0.9667968750000000,-0.8676757812500000,-0.8940429687500000,-1.1806640625000000,-0.9853515625000000,-1.0410156250000000,-1.1347656250000000
0.8134765625000000,0.9189453125000000,0.8295898437500000,0.8041992187500000,0.9448242187500000,0.8984375000000000,1.2529296875000000,1.2822265625000000,0.9946289062500000
1.0595703125000000,1.0126953125000000,1.1005859375000000,1.1064453125000000,1.0332031250000000,1.0156250000000000,1.1044921875000000,1.0478515625000000,0.9702148437500000
1.2333984375000000,1.3193359375000000,1.2226562500000000,1.2539062500000000,1.3046875000000000,1.3134765625000000,1.4511718750000000,1.5087890625000000,1.4160156250000000
-0.2875976562500000,-0.4538574218750000,-0.5019531250000000,-0.2951660156250000,-0.5810546875000000,-0.6562500000000000,-0.5527343750000000,-0.5932617187500000,-0.5800781250000000
-2.1582031250000000,-2.2343750000000000,-2.7382812500000000,-2.1250000000000000,-2.5566406250000000,-2.9121093750000000,-2.4296875000000000,-2.5996093750000000,-2.9687500000000000
-1.6826171875000000,-1.3466796875000000,-1.4785156250000000,-1.5742187500000000,-1.2617187500000000,-1.4179687500000000,-1.3593750000000000,-1.4365234375000000,-1.3242187500000000
-0.7524414062500000,-0.7548828125000000,-0.8583984375000000,-0.7631835937500000,-0.8242187500000000,-0.8608398437500000,-0.6201171875000000,-0.5771484375000000,-0.7607421875000000
-0.8945312500000000,-1.0625000000000000,-1.0039062500000000,-0.9296875000000000,-0.9790039062500000,-1.0908203125000000,-0.9873046875000000,-0.8813476562500000,-1.0009765625000000
-1.2783203125000000,-1.3056640625000000,-1.3750000000000000,-1.3359375000000000,-1.3671875000000000,-1.5537109375000000,-1.2265625000000000,-1.3662109375000000,-1.3291015625000000
-1.9218750000000000,-1.9853515625000000,-2.1289062500000000,-1.9394531250000000,-1.9902343750000000,-2.1250000000000000,-1.9599609375000000,-2.0488281250000000,-2.1035156250000000
-0.6850585937500000,-1.1591796875000000,-1.2910156250000000,-0.6469726562500000,-0.9887695312500000,-1.0283203125000000,-0.9628906250000000,-0.8989257812500000,-0.7436523437500000
1.3095703125000000,1.0195312500000000,1.0429687500000000,1.3349609375000000,1.0927734375000000,1.1259765625000000,1.0556640625000000,1.2148437500000000,1.2402343750000000
-0.9291992187500000,-0.6220703125000000,-0.4660644531250000,-0.8818359375000000,-0.4816894531250000,-0.4467773437500000,-0.4020996093750000,-0.5473632812500000,-0.6040039062500000
-0.0897216796875000,-0.1207275390625000,-0.2709960937500000,-0.1513671875000000,-0.1418457031250000,-0.2149658203125000,-0.0411987304687500,-0.0524597167968750,-0.3474121093750000
0.2817382812500000,0.2127685546875000,0.3142089843750000,0.2878417968750000,0.4316406250000000,0.2644042968750000,0.4506835937500000,0.4482421875000000,0.1696777343750000
0.3029785156250000,0.3701171875000000,0.4465332031250000,0.2276611328125000,0.4914550781250000,0.4233398437500000,0.6860351562500000,0.5957031250000000,0.5898437500000000
-1.4316406250000000,-1.3964843750000000,-1.5615234375000000,-1.4697265625000000,-1.4140625000000000,-1.4062500000000000,-1.3281250000000000,-1.4042968750000000,-1.0253906250000000
-0.2431640625000000,-0.1296386718750000,-0.4086914062500000,-0.1735839843750000,-0.2346191406250000,-0.3305664062500000,0.2399902343750000,0.1475830078125000,0.2065429687500000
0.6333007812500000,0.9926757812500000,1.0830078125000000,0.6645507812500000,1.1054687500000000,1.2675781250000000,0.7988281250000000,0.8916015625000000,1.0283203125000000
1.9619140625000000,1.9697265625000000,2.0253906250000000,1.9882812500000000,1.9814453125000000,2.0078125000000000,1.8925781250000000,1.9873046875000000,1.9687500000000000
1.0312500000000000,1.0039062500000000,0.9780273437500000,1.0507812500000000,1.0429687500000000,0.9604492187500000,1.0927734375000000,1.2519531250000000,1.0322265625000000
0.9697265625000000,1.3378906250000000,1.4023437500000000,0.9936523437500000,1.3525390625000000,1.4394531250000000,1.2197265625000000,1.2128906250000000,1.4599609375000000
0.8769531250000000,0.7119140625000000,0.6362304687500000,0.8666992187500000,0.6782226562500000,0.6206054687500000,0.5229492187500000,0.4797363281250000,0.8730468750000000
0.2125244140625000,0.2631835937500000,0.3615722656250000,0.1749267578125000,0.2968750000000000,0.3386230468750000,0.3349609375000000,0.3649902343750000,0.3540039062500000
-1.2900390625000000,-1.3759765625000000,-1.4921875000000000,-1.3056640625000000,-1.4218750000000000,-1.5185546875000000,-1.5458984375000000,-1.5097656250000000,-1.3779296875000000
0.1666259765625000,0.6528320312500000,0.5781250000000000,0.1245117187500000,0.5712890625000000,0.6274414062500000,0.5883789062500000,0.5483398437500000,0.4777832031250000
1.4111328125000000,1.2607421875000000,1.1689453125000000,1.4316406250000000,1.2207031250000000,1.0585937500000000,1.3095703125000000,1.3671875000000000,1.2373046875000000
-0.2398681640625000,-0.5463867187500000,-0.4777832031250000,-0.3083496093750000,-0.3208007812500000,-0.3630371093750000,-0.5317382812500000,-0.6040039062500000,-0.5341796875000000
1.0654296875000000,1.2441406250000000,1.2568359375000000,1.0078125000000000,1.2382812500000000,1.2216796875000000,1.2851562500000000,1.2880859375000000,1.1982421875000000
0.4384765625000000,0.4858398437500000,0.4111328125000000,0.4160156250000000,0.4291992187500000,0.4528808593750000,0.8276367187500000,0.7304687500000000,0.6845703125000000
-0.1649169921875000,-0.2592773437500000,-0.1699218750000000,-0.1696777343750000,-0.2337646484375000,-0.0958862304687500,-0.3408203125000000,-0.3686523437500000,0.1302490234375000
-0.5961914062500000,-0.4445800781250000,-0.4689941406250000,-0.5751953125000000,-0.5366210937500000,-0.4836425781250000,-0.5854492187500000,-0.5039062500000000,-0.4560546875000000
2.1093750000000000,2.1757812500000000,2.3125000000000000,2.1113281250000000,2.2460937500000000,2.3261718750000000,2.1855468750000000,2.3046875000000000,2.3632812500000000
-0.7333984375000000,-0.9116210937500000,-0.9453125000000000,-0.7856445312500000,-0.8657226562500000,-0.9453125000000000,-1.0146484375000000,-1.0156250000000000,-0.9814453125000000
0.1309814453125000,0.3220214843750000,0.3198242187500000,0.0720825195312500,0.2174072265625000,0.2814941406250000,0.1899414062500000,0.0592956542968750,0.1120605468750000
-0.6982421875000000,-0.2995605468750000,-0.3784179687500000,-0.7412109375000000,-0.4335937500000000,-0.3156738281250000,-0.1793212890625000,-0.0719604492187500,-0.3012695312500000
0.2849121093750000,0.5737304687500000,0.4987792968750000,0.3044433593750000,0.5610351562500000,0.6069335937500000,0.3647460937500000,0.3635253906250000,0.4689941406250000
-0.9643554687500000,-1.0927734375000000,-1.5673828125000000,-1.1240234375000000,-1.3251953125000000,-1.3789062500000000,-1.4580078125000000,-1.4296875000000000,-1.3593750000000000
0.7392578125000000,0.4812011718750000,0.7041015625000000,0.7514648437500000,0.6860351562500000,0.7114257812500000,0.4230957031250000,0.5478515625000000,0.5898437500000000
0.0944824218750000,-0.0076599121093750,0.0713500976562500,0.0502014160156250,-0.0300750732421875,0.1004638671875000,0.1058959960937500,0.1233520507812500,0.5180664062500000
-1.2910156250000000,-1.0742187500000000,-1.3144531250000000,-1.2822265625000000,-1.0810546875000000,-1.1708984375000000,-0.9477539062500000,-0.9682617187500000,-1.1748046875000000
1.0947265625000000,1.0351562500000000,1.1201171875000000,1.0830078125000000,1.1533203125000000,1.1435546875000000,1.0146484375000000,1.0810546875000000,0.9628906250000000
-0.6884765625000000,-0.8125000000000000,-0.9008789062500000,-0.5883789062500000,-0.7910156250000000,-0.8471679687500000,-1.0693359375000000,-1.0791015625000000,-0.8930664062500000
-0.8388671875000000,-0.8686523437500000,-0.6147460937500000,-0.7817382812500000,-0.7817382812500000,-0.7299804687500000,-1.0839843750000000,-1.0312500000000000,-0.7617187500000000
0.4438476562500000,0.5229492187500000,0.5107421875000000,0.4814453125000000,0.5546875000000000,0.5527343750000000,0.5517578125000000,0.5878906250000000,0.6206054687500000
1.6865234375000000,1.7792968750000000,1.7324218750000000,1.6738281250000000,1.7011718750000000,1.7421875000000000,1.7314453125000000,1.7695312500000000,1.7763671875000000
1.2685546875000000,1.2109375000000000,1.3310546875000000,1.2255859375000000,1.1845703125000000,1.3134765625000000,1.2119140625000000,1.2919921875000000,1.2353515625000000
-0.3562011718750000,-0.2551269531250000,-0.4472656250000000,-0.3476562500000000,-0.4599609375000000,-0.3916015625000000,-0.1931152343750000,-0.2033691406250000,-0.5146484375000000
1.9550781250000000,1.5693359375000000,1.6474609375000000,2.0117187500000000,1.7207031250000000,1.7744140625000000,1.5683593750000000,1.5625000000000000,1.8388671875000000
-0.1145629882812500,-0.1704101562500000,-0.1196899414062500,-0.0743408203125000,-0.1899414062500000,-0.1558837890625000,-0.4316406250000000,-0.4682617187500000,-0.1584472656250000
-0.8217773437500000,-0.8569335937500000,-1.0273437500000000,-0.7827148437500000,-0.9165039062500000,-0.8945312500000000,-0.8090820312500000,-0.8139648437500000,-1.0263671875000000
-0.7133789062500000,-0.7353515625000000,-0.7456054687500000,-0.6611328125000000,-0.6494140625000000,-0.7514648437500000,-0.7846679687500000,-0.7475585937500000,-0.4191894531250000
-0.0071754455566406,0.0876464843750000,0.1563720703125000,-0.0443115234375000,0.1320800781250000,0.2785644531250000,-0.4353027343750000,-0.4218750000000000,-0.1121215820312500
-0.0278930664062500,0.0045928955078125,-0.1602783203125000,0.0002224445343018,-0.1605224609375000,-0.2115478515625000,0.0364685058593750,-0.0324401855468750,0.0223083496093750
-1.5263671875000000,-1.6787109375000000,-1.8769531250000000,-1.5507812500000000,-1.8251953125000000,-1.8925781250000000,-1.7714843750000000,-1.7939453125000000,-2.1542968750000000
-0.3591308593750000,-0.4311523437500000,-0.4731445312500000,-0.3425292968750000,-0.5244140625000000,-0.5170898437500000,-0.1818847656250000,-0.2337646484375000,-0.4929199218750000
-0.1561279296875000,-0.4687500000000000,-0.5195312500000000,-0.1571044921875000,-0.4914550781250000,-0.5249023437500000,-0.2614746093750000,-0.2839355468750000,-0.5659179687500000
-0.2165527343750000,-0.0960083007812500,-0.1112060546875000,-0.2191162109375000,-0.2100830078125000,-0.1744384765625000,-0.3264160156250000,-0.3134765625000000,-0.2193603515625000
-1.4804687500000000,-1.4638671875000000,-1.5937500000000000,-1.4638671875000000,-1.6191406250000000,-1.7167968750000000,-1.2763671875000000,-1.4257812500000000,-1.7900390625000000
1.1494140625000000,1.3193359375000000,1.3496093750000000,1.1191406250000000,1.3320312500000000,1.3857421875000000,1.3437500000000000,1.4169921875000000,1.4375000000000000
0.3852539062500000,0.7602539062500000,0.8745117187500000,0.4470214843750000,0.7817382812500000,0.9003906250000000,0.9838867187500000,1.0664062500000000,0.9960937500000000
1.3164062500000000,1.4697265625000000,1.3935546875000000,1.2646484375000000,1.3730468750000000,1.4755859375000000,0.9550781250000000,1.1337890625000000,1.4951171875000000
0.9824218750000000,1.2695312500000000,1.4990234375000000,1.0175781250000000,1.3525390625000000,1.4453125000000000,1.2988281250000000,1.4326171875000000,1.5078125000000000
0.4001464843750000,0.0003588199615479,0.0069580078125000,0.3852539062500000,0.0071640014648438,0.1600341796875000,-0.4196777343750000,-0.3356933593750000,-0.0177459716796875
1.4843750000000000,1.4511718750000000,1.4775390625000000,1.4658203125000000,1.4482421875000000,1.4873046875000000,1.4394531250000000,1.4277343750000000,1.5000000000000000
1.9306640625000000,1.8925781250000000,1.9228515625000000,1.8974609375000000,1.9462890625000000,1.9501953125000000,2.2050781250000000,2.1855468750000000,2.0078125000000000
-0.8593750000000000,-0.6455078125000000,-0.8081054687500000,-0.8056640625000000,-0.7963867187500000,-0.8715820312500000,-0.7504882812500000,-0.8364257812500000,-0.9248046875000000
0.0267791748046875,0.2373046875000000,0.1968994140625000,0.0345764160156250,0.1484375000000000,0.1456298828125000,0.1130371093750000,0.1398925781250000,0.1406250000000000
0.6582031250000000,0.9409179687500000,0.9809570312500000,0.6884765625000000,0.8862304687500000,0.9687500000000000,0.8032226562500000,0.8994140625000000,0.9521484375000000
0.7045898437500000,0.6020507812500000,0.7338867187500000,0.6938476562500000,0.7490234375000000,0.6723632812500000,0.7778320312500000,0.7792968750000000,0.6489257812500000
0.8154296875000000,0.9677734375000000,1.0117187500000000,0.8178710937500000,0.8574218750000000,0.9711914062500000,0.9667968750000000,1.0410156250000000,0.9472656250000000
-1.0097656250000000,-0.9521484375000000,-1.1376953125000000,-1.0029296875000000,-1.0839843750000000,-1.1357421875000000,-1.1123046875000000,-1.1669921875000000,-1.2597656250000000
-0.2216796875000000,-0.1749267578125000,-0.2093505859375000,-0.1999511718750000,-0.2111816406250000,-0.1661376953125000,0.1121826171875000,0.1761474609375000,-0.2064208984375000
1.4208984375000000,1.6064453125000000,1.6552734375000000,1.4257812500000000,1.5976562500000000,1.6787109375000000,1.4736328125000000,1.5605468750000000,1.7177734375000000
-0.5537109375000000,-0.3168945312500000,-0.3750000000000000,-0.4108886718750000,-0.3149414062500000,-0.3818359375000000,-0.2109375000000000,-0.1737060546875000,-0.3127441406250000
-0.1677246093750000,-0.4924316406250000,-0.6069335937500000,-0.3029785156250000,-0.6665039062500000,-0.6684570312500000,-0.8007812500000000,-0.7114257812500000,-0.8374023437500000
0.5249023437500000,-0.1568603515625000,0.1455078125000000,0.5346679687500000,0.0432434082031250,-0.0093231201171875,-0.2163085937500000,0.0411071777343750,-0.0834960937500000
-0.6538085937500000,-0.8803710937500000,-1.0371093750000000,-0.5908203125000000,-0.9394531250000000,-1.0087890625000000,-0.8530273437500000,-0.9726562500000000,-0.6308593750000000
0.6098632812500000,0.8232421875000000,0.5141601562500000,0.5400390625000000,0.3918457031250000,0.5180664062500000,0.6254882812500000,0.6918945312500000,0.5351562500000000
0.8911132812500000,0.9741210937500000,0.9379882812500000,0.9575195312500000,0.9770507812500000,0.9614257812500000,1.0351562500000000,1.0634765625000000,1.0136718750000000
1.9863281250000000,1.8544921875000000,1.9746093750000000,2.0566406250000000,2.0664062500000000,2.1015625000000000,1.7578125000000000,1.7841796875000000,2.1523437500000000
0.1611328125000000,0.4072265625000000,0.0952758789062500,0.0925903320312500,0.1422119140625000,0.1909179687500000,0.2153320312500000,0.3066406250000000,0.2416992187500000
0.4328613281250000,0.0070304870605469,0.0870361328125000,0.4797363281250000,0.1491699218750000,0.0698852539062500,-0.2128906250000000,-0.0186920166015625,-0.1078491210937500
-0.5512695312500000,-0.3706054687500000,-0.6025390625000000,-0.5522460937500000,-0.5229492187500000,-0.5502929687500000,-0.3723144531250000,-0.4060058593750000,-0.6020507812500000
0.5048828125000000,0.7270507812500000,0.6645507812500000,0.5517578125000000,0.6567382812500000,0.6362304687500000,0.3708496093750000,0.3989257812500000,0.6274414062500000
1.6044921875000000,1.6494140625000000,1.7138671875000000,1.6074218750000000,1.6699218750000000,1.7021484375000000,1.6748046875000000,1.6953125000000000,1.6943359375000000
1.7841796875000000,1.6708984375000000,1.6933593750000000,1.7929687500000000,1.6796875000000000,1.7636718750000000,1.5195312500000000,1.5117187500000000,1.7431640625000000
-0.7656250000000000,-1.0615234375000000,-1.0332031250000000,-0.8652343750000000,-1.1982421875000000,-1.0947265625000000,-0.9707031250000000,-0.8095703125000000,-1.4130859375000000
0.4643554687500000,0.5087890625000000,0.4677734375000000,0.3859863281250000,0.3820800781250000,0.4560546875000000,0.2817382812500000,0.1329345703125000,0.5961914062500000
-1.4843750000000000,-1.4492187500000000,-1.6103515625000000,-1.4072265625000000,-1.6455078125000000,-1.6699218750000000,-1.6640625000000000,-1.8828125000000000,-1.6376953125000000
-0.9130859375000000,-0.9575195312500000,-1.1435546875000000,-0.8940429687500000,-1.1328125000000000,-1.1757812500000000,-0.9721679687500000,-1.0693359375000000,-1.3476562500000000
1.1679687500000000,1.2109375000000000,1.2216796875000000,1.2011718750000000,1.2822265625000000,1.2929687500000000,1.3750000000000000,1.3544921875000000,1.3613281250000000
0.7275390625000000,0.4887695312500000,0.7016601562500000,0.7548828125000000,0.6171875000000000,0.6821289062500000,0.8466796875000000,0.9301757812500000,0.6860351562500000
0.7934570312500000,1.0898437500000000,0.9843750000000000,0.7998046875000000,1.0029296875000000,1.0673828125000000,0.8496093750000000,0.8632812500000000,1.0908203125000000
-0.7573242187500000,-0.7177734375000000,-0.8315429687500000,-0.7988281250000000,-0.7475585937500000,-0.7661132812500000,-0.7958984375000000,-0.8647460937500000,-0.7993164062500000
1.9013671875000000,2.0722656250000000,2.0820312500000000,1.8935546875000000,2.0468750000000000,2.1015625000000000,1.9472656250000000,2.0156250000000000,2.1523437500000000
0.5239257812500000,0.4086914062500000,0.0600585937500000,0.5219726562500000,0.1533203125000000,0.0841674804687500,0.3139648437500000,0.4277343750000000,0.3330078125000000
1.1582031250000000,1.0927734375000000,0.9824218750000000,1.1357421875000000,1.0859375000000000,1.1220703125000000,1.1103515625000000,1.1289062500000000,1.1142578125000000
1.8251953125000000,1.8974609375000000,1.9833984375000000,1.8642578125000000,1.9677734375000000,1.9931640625000000,2.0664062500000000,2.0820312500000000,2.0429687500000000
-0.2565917968750000,-0.3137207031250000,-0.2023925781250000,-0.4304199218750000,-0.2834472656250000,-0.1861572265625000,-0.2951660156250000,-0.3745117187500000,0.1094360351562500
-0.5903320312500000,-0.7578125000000000,-0.6738281250000000,-0.6323242187500000,-0.7407226562500000,-0.7045898437500000,-0.7827148437500000,-0.6801757812500000,-0.7011718750000000
0.9946289062500000,1.1240234375000000,0.9829101562500000,0.9916992187500000,1.0839843750000000,1.0390625000000000,0.9877929687500000,1.0371093750000000,1.1044921875000000
1.0166015625000000,1.0908203125000000,1.2480468750000000,1.0566406250000000,1.3203125000000000,1.2636718750000000,0.9858398437500000,1.0683593750000000,1.1679687500000000
0.3195800781250000,0.2081298828125000,0.0274353027343750,0.3017578125000000,0.0367126464843750,-0.0013170242309570,-0.1400146484375000,-0.1474609375000000,-0.1271972656250000
-0.9921875000000000,-0.9028320312500000,-0.9482421875000000,-1.0078125000000000,-0.9140625000000000,-1.0234375000000000,-0.8559570312500000,-1.1162109375000000,-0.7177734375000000
-2.0351562500000000,-2.0585937500000000,-2.2148437500000000,-2.0722656250000000,-2.0898437500000000,-2.1093750000000000,-2.0761718750000000,-2.0996093750000000,-2.2031250000000000
1.0849609375000000,1.0937500000000000,0.9575195312500000,1.1669921875000000,1.0253906250000000,1.0068359375000000,1.1445312500000000,1.2060546875000000,1.1425781250000000
0.0680541992187500,0.0718383789062500,0.3825683593750000,0.0823974609375000,0.3593750000000000,0.3576660156250000,0.2003173828125000,0.2487792968750000,-0.0104293823242188
-0.8500976562500000,-0.8588867187500000,-0.9008789062500000,-0.7939453125000000,-0.8793945312500000,-0.8208007812500000,-0.8505859375000000,-0.7739257812500000,-0.8750000000000000
0.6655273437500000,0.6186523437500000,0.6987304687500000,0.6113281250000000,0.6835937500000000,0.6997070312500000,0.4831542968750000,0.5141601562500000,0.6323242187500000
0.4301757812500000,0.2678222656250000,0.2954101562500000,0.5083007812500000,0.3395996093750000,0.2551269531250000,0.3837890625000000,0.4255371093750000,0.4782714843750000
0.9741210937500000,1.2988281250000000,1.6328125000000000,0.9296875000000000,1.4951171875000000,1.6044921875000000,1.5400390625000000,1.2226562500000000,1.6259765625000000
0.1894531250000000,0.9291992187500000,0.9140625000000000,0.0994873046875000,0.8989257812500000,0.9614257812500000,0.9038085937500000,0.7768554687500000,1.0087890625000000
-0.0443420410156250,-0.2919921875000000,-0.3710937500000000,-0.0791625976562500,-0.3413085937500000,-0.2854003906250000,-0.5952148437500000,-0.3449707031250000,-0.4074707031250000
2.5527343750000000,2.3789062500000000,2.3437500000000000,2.5371093750000000,2.3378906250000000,2.3085937500000000,2.1699218750000000,2.3535156250000000,2.2910156250000000
-1.4492187500000000,-1.2109375000000000,-1.0312500000000000,-1.4345703125000000,-1.0615234375000000,-0.9433593750000000,-0.9497070312500000,-1.0058593750000000,-1.0468750000000000
-1.5712890625000000,-1.4296875000000000,-1.5908203125000000,-1.5917968750000000,-1.5878906250000000,-1.6474609375000000,-1.6396484375000000,-1.6816406250000000,-1.7226562500000000
-1.5996093750000000,-1.4589843750000000,-1.5068359375000000,-1.6562500000000000,-1.4755859375000000,-1.5117187500000000,-1.4189453125000000,-1.6044921875000000,-1.4912109375000000
-0.7866210937500000,-0.6137695312500000,-0.4091796875000000,-0.9096679687500000,-0.5693359375000000,-0.4704589843750000,-0.1782226562500000,-0.3818359375000000,-0.4348144531250000
-0.7460937500000000,-0.5747070312500000,-0.8276367187500000,-0.7495117187500000,-0.7973632812500000,-0.7866210937500000,-0.5996093750000000,-0.5800781250000000,-0.9096679687500000
-0.9458007812500000,-0.8227539062500000,-0.9526367187500000,-0.8457031250000000,-0.8964843750000000,-0.8208007812500000,-0.7670898437500000,-0.7763671875000000,-0.8837890625000000
0.5961914062500000,0.3786621093750000,0.1098022460937500,0.6762695312500000,0.1245727539062500,-0.0229187011718750,-0.0218505859375000,0.1143188476562500,0.0932617187500000
-0.7177734375000000,-1.0244140625000000,-1.3632812500000000,-0.7436523437500000,-1.2255859375000000,-1.1523437500000000,-0.8671875000000000,-1.1572265625000000,0.0352478027343750
-0.5112304687500000,-0.2563476562500000,-0.5668945312500000,-0.5166015625000000,-0.4575195312500000,-0.4794921875000000,-0.3381347656250000,-0.2363281250000000,-0.5771484375000000
-1.8662109375000000,-1.6669921875000000,-1.7304687500000000,-1.8095703125000000,-1.7031250000000000,-1.7597656250000000,-1.7910156250000000,-1.8789062500000000,-1.7265625000000000
-1.2441406250000000,-1.4189453125000000,-1.2519531250000000,-1.1728515625000000,-1.2236328125000000,-1.2861328125000000,-1.4003906250000000,-1.2470703125000000,-1.5175781250000000
0.4687500000000000,0.5732421875000000,0.5097656250000000,0.4794921875000000,0.5766601562500000,0.4140625000000000,0.3068847656250000,0.4533691406250000,0.4001464843750000
0.4074707031250000,0.2139892578125000,0.1766357421875000,0.5673828125000000,0.1966552734375000,0.0794067382812500,0.3583984375000000,0.3835449218750000,0.7636718750000000
-1.6474609375000000,-1.6708984375000000,-1.9218750000000000,-1.7285156250000000,-1.8642578125000000,-1.9414062500000000,-1.6718750000000000,-1.7539062500000000,-1.8535156250000000
-0.6948242187500000,-0.9331054687500000,-1.0058593750000000,-0.7241210937500000,-1.0000000000000000,-0.9726562500000000,-1.0937500000000000,-0.9257812500000000,-1.0341796875000000
-0.3850097656250000,-0.2858886718750000,-0.4458007812500000,-0.5043945312500000,-0.3950195312500000,-0.4704589843750000,-0.5063476562500000,-0.5751953125000000,-0.2130126953125000
0.4636230468750000,0.1793212890625000,0.2060546875000000,0.5405273437500000,0.0928344726562500,0.1336669921875000,0.1401367187500000,0.1104736328125000,0.2519531250000000
-1.2646484375000000,-1.2519531250000000,-1.2001953125000000,-1.3056640625000000,-1.2226562500000000,-1.2949218750000000,-1.3525390625000000,-1.3662109375000000,-1.2783203125000000
-1.2910156250000000,-1.5205078125000000,-1.6025390625000000,-1.2500000000000000,-1.5351562500000000,-1.5615234375000000,-1.4746093750000000,-1.4609375000000000,-1.6376953125000000
0.0560302734375000,0.5166015625000000,0.9472656250000000,0.0373840332031250,0.8486328125000000,1.0517578125000000,0.3837890625000000,0.3845214843750000,0.4599609375000000
1.0888671875000000,1.0117187500000000,1.0302734375000000,1.1601562500000000,1.1582031250000000,1.1191406250000000,0.9755859375000000,1.1728515625000000,1.0498046875000000
1.1250000000000000,1.0126953125000000,0.9516601562500000,1.1376953125000000,0.9785156250000000,0.9370117187500000,0.9062500000000000,1.0361328125000000,1.0136718750000000
2.0371093750000000,2.1894531250000000,2.2226562500000000,2.0253906250000000,2.2304687500000000,2.2558593750000000,2.1679687500000000,2.0625000000000000,2.3378906250000000
0.9238281250000000,1.1425781250000000,1.2998046875000000,0.9731445312500000,1.2031250000000000,1.2314453125000000,1.1621093750000000,1.2880859375000000,0.8164062500000000
1.7744140625000000,1.6250000000000000,1.7705078125000000,1.7763671875000000,1.7685546875000000,1.7480468750000000,1.7333984375000000,1.6982421875000000,1.8349609375000000
0.3088378906250000,-0.0925292968750000,-0.0415954589843750,0.2724609375000000,-0.0329284667968750,-0.0848999023437500,-0.2614746093750000,-0.2039794921875000,-0.1343994140625000
-1.7402343750000000,-1.5449218750000000,-1.7099609375000000,-1.7861328125000000,-1.6953125000000000,-1.7919921875000000,-1.4570312500000000,-1.5634765625000000,-1.4687500000000000
-1.4384765625000000,-1.5234375000000000,-1.6943359375000000,-1.4736328125000000,-1.6132812500000000,-1.7910156250000000,-1.7080078125000000,-1.6777343750000000,-1.8125000000000000
-1.5429687500000000,-1.8701171875000000,-2.0800781250000000,-1.6523437500000000,-1.9287109375000000,-1.8994140625000000,-2.0996093750000000,-2.0488281250000000,-2.0976562500000000
-0.0158843994140625,-0.0436096191406250,-0.0669555664062500,-0.1007690429687500,-0.1256103515625000,-0.0761718750000000,-0.2626953125000000,-0.2174072265625000,-0.0845947265625000
0.5712890625000000,0.3864746093750000,0.3017578125000000,0.5551757812500000,0.3039550781250000,0.2629394531250000,0.9370117187500000,0.9653320312500000,0.5620117187500000
1.9082031250000000,1.9033203125000000,1.9755859375000000,1.9482421875000000,1.9433593750000000,1.9892578125000000,1.9169921875000000,1.9755859375000000,2.0000000000000000
1.0263671875000000,1.0498046875000000,0.9975585937500000,1.0009765625000000,1.0683593750000000,1.0175781250000000,1.0537109375000000,0.9965820312500000,1.0468750000000000
0.7016601562500000,0.3139648437500000,0.1824951171875000,0.6635742187500000,0.2871093750000000,0.2178955078125000,0.6074218750000000,0.7001953125000000,0.1921386718750000
-1.2705078125000000,-1.6201171875000000,-1.8486328125000000,-1.1259765625000000,-1.8164062500000000,-1.6972656250000000,-1.5068359375000000,-1.6484375000000000,-2.1328125000000000
-1.3164062500000000,-1.7626953125000000,-2.0292968750000000,-1.3105468750000000,-1.8583984375000000,-1.7900390625000000,-1.8164062500000000,-2.0273437500000000,-1.9589843750000000
0.1705322265625000,-0.0533447265625000,-0.1098632812500000,0.1530761718750000,-0.0071372985839844,-0.0337219238281250,-0.1546630859375000,-0.1523437500000000,-0.0076751708984375
-0.0164794921875000,0.4101562500000000,0.6074218750000000,0.0572204589843750,0.5566406250000000,0.6884765625000000,0.9165039062500000,0.7651367187500000,0.7709960937500000
1.8359375000000000,1.2568359375000000,1.1406250000000000,1.8300781250000000,1.2060546875000000,1.1845703125000000,1.0859375000000000,1.1162109375000000,1.1367187500000000
0.9755859375000000,1.3203125000000000,1.3554687500000000,1.0087890625000000,1.3095703125000000,1.4238281250000000,1.2734375000000000,1.2675781250000000,1.4873046875000000
0.0850219726562500,0.2746582031250000,0.1832275390625000,0.1091918945312500,0.2326660156250000,0.1694335937500000,0.0108642578125000,0.2675781250000000,0.1193237304687500
0.2690429687500000,0.1015014648437500,0.0711059570312500,0.3200683593750000,0.1389160156250000,0.1546630859375000,-0.0160980224609375,0.0532531738281250,0.0862426757812500
1.1171875000000000,1.4248046875000000,1.5175781250000000,1.1865234375000000,1.4501953125000000,1.4804687500000000,1.4238281250000000,1.3115234375000000,1.4814453125000000
0.2408447265625000,0.3266601562500000,0.3488769531250000,0.2805175781250000,0.3635253906250000,0.4108886718750000,0.3488769531250000,0.3237304687500000,0.4135742187500000
1.8662109375000000,1.3261718750000000,1.4062500000000000,1.8847656250000000,1.3710937500000000,1.3632812500000000,1.3798828125000000,1.3261718750000000,1.4091796875000000
0.5893554687500000,0.5068359375000000,0.5180664062500000,0.5761718750000000,0.4572753906250000,0.4111328125000000,0.2580566406250000,0.2441406250000000,0.3159179687500000
-0.5966796875000000,0.0936889648437500,0.2746582031250000,-0.6030273437500000,0.1544189453125000,0.3322753906250000,0.2937011718750000,0.2548828125000000,0.3937988281250000
0.3007812500000000,0.0238342285156250,-0.0236053466796875,0.2734375000000000,0.0713500976562500,0.1146850585937500,-0.0465698242187500,-0.0622558593750000,0.2098388671875000
0.7089843750000000,1.1464843750000000,1.3583984375000000,0.7558593750000000,1.2607421875000000,1.3457031250000000,1.2841796875000000,1.1953125000000000,1.3750000000000000
1.0732421875000000,0.8652343750000000,0.8603515625000000,1.1093750000000000,0.9667968750000000,0.9711914062500000,0.7041015625000000,0.7993164062500000,1.0332031250000000
1.7138671875000000,1.6044921875000000,1.6367187500000000,1.6884765625000000,1.6044921875000000,1.7275390625000000,1.5400390625000000,1.4482421875000000,1.7734375000000000
-0.0062561035156250,-0.1000366210937500,-0.1772460937500000,-0.0379028320312500,-0.2148437500000000,-0.1207885742187500,-0.3320312500000000,-0.3691406250000000,-0.2026367187500000
0.6508789062500000,0.2440185546875000,0.0603332519531250,0.6635742187500000,0.1627197265625000,0.1146240234375000,0.1923828125000000,0.3542480468750000,0.1233520507812500
-0.5615234375000000,-0.6435546875000000,-0.7758789062500000,-0.5468750000000000,-0.7246093750000000,-0.7490234375000000,-0.6328125000000000,-0.5820312500000000,-0.7524414062500000
0.0196533203125000,0.3415527343750000,0.2897949218750000,-0.0058860778808594,0.2409667968750000,0.3212890625000000,0.0592651367187500,0.1782226562500000,0.2646484375000000
0.2227783203125000,0.1148681640625000,-0.0564575195312500,0.2878417968750000,0.0340881347656250,-0.0068397521972656,0.0991821289062500,0.1113891601562500,-0.2004394531250000
-0.1896972656250000,-0.1801757812500000,-0.1938476562500000,-0.1848144531250000,-0.0375671386718750,-0.0753173828125000,-0.3762207031250000,-0.6010742187500000,-0.0403137207031250
0.7285156250000000,0.6474609375000000,0.7514648437500000,0.7768554687500000,0.6518554687500000,0.6860351562500000,0.7924804687500000,0.8198242187500000,0.7373046875000000
1.2500000000000000,1.6093750000000000,1.6591796875000000,1.2216796875000000,1.6074218750000000,1.6357421875000000,1.5136718750000000,1.5302734375000000,1.6689453125000000
-0.6582031250000000,-1.0898437500000000,-1.3144531250000000,-0.5673828125000000,-1.1142578125000000,-1.1171875000000000,-1.2187500000000000,-1.2373046875000000,-1.1484375000000000
1.8710937500000000,1.8212890625000000,1.9218750000000000,1.8886718750000000,1.8515625000000000,1.9111328125000000,1.6533203125000000,1.8007812500000000,1.8896484375000000
0.7011718750000000,0.7084960937500000,0.8574218750000000,0.7128906250000000,0.8427734375000000,0.9296875000000000,0.9326171875000000,0.8632812500000000,1.0107421875000000
1.6123046875000000,1.0654296875000000,0.9335937500000000,1.6132812500000000,0.9980468750000000,0.9633789062500000,0.8139648437500000,0.8593750000000000,0.9604492187500000
-1.1669921875000000,-0.3012695312500000,-0.1888427734375000,-1.0849609375000000,-0.3146972656250000,-0.2313232421875000,-0.5825195312500000,-0.5385742187500000,-0.2493896484375000
-0.5981445312500000,-0.4479980468750000,-0.4541015625000000,-0.4804687500000000,-0.4550781250000000,-0.3625488281250000,-0.6123046875000000,-0.6425781250000000,-0.3859863281250000
-0.5302734375000000,-0.5283203125000000,-0.6704101562500000,-0.5146484375000000,-0.6875000000000000,-0.7119140625000000,-0.7871093750000000,-0.7690429687500000,-0.8364257812500000
1.7031250000000000,1.7255859375000000,1.6875000000000000,1.7685546875000000,1.6933593750000000,1.7128906250000000,1.6152343750000000,1.7900390625000000,1.6533203125000000
1.9599609375000000,1.6777343750000000,1.7138671875000000,1.9980468750000000,1.7343750000000000,1.6914062500000000,1.7626953125000000,1.7695312500000000,1.7578125000000000
1.1777343750000000,1.0087890625000000,1.0146484375000000,1.1435546875000000,1.0742187500000000,1.0595703125000000,1.1220703125000000,1.1044921875000000,1.0585937500000000
-0.0668945312500000,-0.1042480468750000,-0.0065155029296875,-0.0557556152343750,-0.1260986328125000,0.0279083251953125,0.1678466796875000,0.1386718750000000,-0.1055297851562500
-0.1986083984375000,-0.0181274414062500,-0.0562438964843750,-0.1713867187500000,-0.0518188476562500,0.0504455566406250,-0.0254974365234375,0.0249328613281250,0.0311889648437500
0.6894531250000000,0.5498046875000000,0.6928710937500000,0.7324218750000000,0.6733398437500000,0.7294921875000000,0.7260742187500000,0.8505859375000000,0.8500976562500000
0.7143554687500000,0.3100585937500000,0.2407226562500000,0.7109375000000000,0.1945800781250000,0.1437988281250000,0.1429443359375000,0.1011352539062500,0.0382690429687500
-0.0355529785156250,0.3239746093750000,0.4230957031250000,0.0880126953125000,0.4035644531250000,0.4848632812500000,0.3342285156250000,0.4235839843750000,0.4462890625000000
0.1135864257812500,-0.2724609375000000,-0.3354492187500000,0.1015014648437500,-0.3442382812500000,-0.3425292968750000,-0.3613281250000000,-0.4140625000000000,-0.4465332031250000
0.5590820312500000,0.9467773437500000,1.1269531250000000,0.5834960937500000,0.9936523437500000,1.1835937500000000,1.0937500000000000,1.2216796875000000,1.1884765625000000
-1.0253906250000000,-0.5346679687500000,-0.4057617187500000,-0.9946289062500000,-0.4670410156250000,-0.3962402343750000,-0.2814941406250000,-0.1988525390625000,-0.3410644531250000
-0.3088378906250000,-0.6796875000000000,-0.6796875000000000,-0.5146484375000000,-0.7783203125000000,-0.7006835937500000,-0.7055664062500000,-0.7324218750000000,-0.8046875000000000
0.9916992187500000,1.0878906250000000,1.0722656250000000,0.9780273437500000,1.0751953125000000,1.0898437500000000,1.0830078125000000,1.1015625000000000,1.0703125000000000
-1.0820312500000000,-1.0390625000000000,-1.1015625000000000,-1.0781250000000000,-1.1425781250000000,-1.1845703125000000,-1.0683593750000000,-1.0244140625000000,-1.1269531250000000
0.3239746093750000,0.2641601562500000,0.1474609375000000,0.4230957031250000,0.2873535156250000,0.2587890625000000,0.3310546875000000,0.3513183593750000,0.2426757812500000
-0.0454711914062500,-0.0651855468750000,0.0770263671875000,-0.1793212890625000,-0.0695190429687500,-0.0648193359375000,-0.1890869140625000,-0.1502685546875000,-0.1678466796875000
-0.0656127929687500,0.2241210937500000,0.3481445312500000,-0.1433105468750000,0.2257080078125000,0.2871093750000000,0.3659667968750000,0.4697265625000000,0.3012695312500000
0.4038085937500000,0.8334960937500000,1.0136718750000000,0.5366210937500000,0.9609375000000000,1.0517578125000000,0.7910156250000000,0.8598632812500000,1.1259765625000000
1.2226562500000000,0.7641601562500000,0.6816406250000000,1.1503906250000000,0.7329101562500000,0.6630859375000000,0.8725585937500000,0.8696289062500000,0.5878906250000000
-0.9130859375000000,-1.0273437500000000,-1.1835937500000000,-0.8520507812500000,-1.0361328125000000,-1.1113281250000000,-1.1416015625000000,-1.0400390625000000,-1.0419921875000000
-0.2944335937500000,-0.1123046875000000,-0.1197509765625000,-0.2856445312500000,-0.0911865234375000,-0.0453796386718750,-0.0040969848632812,0.0980224609375000,-0.0351562500000000
-0.5351562500000000,0.4033203125000000,0.6030273437500000,-0.5673828125000000,0.3933105468750000,0.6748046875000000,0.4543457031250000,0.5625000000000000,0.6259765625000000
-1.1650390625000000,-1.1484375000000000,-1.1845703125000000,-1.1982421875000000,-1.2275390625000000,-1.2763671875000000,-1.2333984375000000,-1.3896484375000000,-1.4316406250000000
-1.4814453125000000,-1.2753906250000000,-1.3359375000000000,-1.4111328125000000,-1.2646484375000000,-1.2724609375000000,-1.2314453125000000,-1.2695312500000000,-1.3046875000000000
-0.1445312500000000,0.1248168945312500,0.0249633789062500,-0.0152435302734375,0.1557617187500000,0.1462402343750000,0.0639648437500000,0.0216674804687500,0.1844482421875000
0.5180664062500000,0.4899902343750000,0.5742187500000000,0.4501953125000000,0.5161132812500000,0.6230468750000000,0.4414062500000000,0.3935546875000000,0.6630859375000000
-1.0136718750000000,-1.2177734375000000,-1.3730468750000000,-0.7797851562500000,-1.3437500000000000,-1.4121093750000000,-1.2236328125000000,-1.3437500000000000,-1.4970703125000000
-0.5307617187500000,-0.6308593750000000,-0.5683593750000000,-0.5971679687500000,-0.6386718750000000,-0.6635742187500000,-0.4211425781250000,-0.3486328125000000,-0.7841796875000000
0.1184082031250000,-0.1533203125000000,-0.3310546875000000,0.1625976562500000,-0.1672363281250000,-0.3662109375000000,-0.2139892578125000,-0.3867187500000000,-0.4282226562500000
-1.0126953125000000,-0.1358642578125000,0.1508789062500000,-1.0322265625000000,-0.0612792968750000,0.1701660156250000,-0.4411621093750000,-0.1213989257812500,0.2121582031250000
0.7861328125000000,0.9375000000000000,1.1064453125000000,0.8120117187500000,1.0556640625000000,1.1533203125000000,1.3251953125000000,1.4042968750000000,1.2285156250000000
-1.3271484375000000,-1.3330078125000000,-1.4873046875000000,-1.3222656250000000,-1.4335937500000000,-1.5312500000000000,-1.5244140625000000,-1.5419921875000000,-1.6757812500000000
-1.1298828125000000,-1.0947265625000000,-1.1611328125000000,-1.1210937500000000,-1.1884765625000000,-1.2226562500000000,-1.1933593750000000,-1.2363281250000000,-1.2695312500000000
-0.9995117187500000,-1.0976562500000000,-1.3632812500000000,-0.9985351562500000,-1.2197265625000000,-1.2939453125000000,-1.1074218750000000,-1.1367187500000000,-1.3720703125000000
-1.1171875000000000,-0.8818359375000000,-0.9946289062500000,-1.0761718750000000,-0.9179687500000000,-0.8310546875000000,-1.0048828125000000,-1.1015625000000000,-0.9013671875000000
0.5893554687500000,0.7387695312500000,0.7348632812500000,0.7358398437500000,0.8422851562500000,0.8867187500000000,1.0107421875000000,1.0146484375000000,0.9287109375000000
-0.1220092773437500,-0.1656494140625000,-0.2064208984375000,-0.1006469726562500,-0.2622070312500000,-0.2727050781250000,-0.6132812500000000,-0.5327148437500000,-0.3449707031250000
-0.0370483398437500,-0.0936279296875000,-0.2106933593750000,0.0373840332031250,-0.1578369140625000,-0.1121826171875000,-0.0928344726562500,0.0911865234375000,-0.0365295410156250
0.4738769531250000,0.1745605468750000,0.2418212890625000,0.4230957031250000,0.2192382812500000,0.2636718750000000,0.6879882812500000,0.8461914062500000,0.1827392578125000
0.1934814453125000,0.0876464843750000,0.1147460937500000,0.2712402343750000,0.0703735351562500,0.0797729492187500,-0.0952758789062500,0.0079345703125000,0.0521240234375000
0.5527343750000000,0.4350585937500000,0.4624023437500000,0.5307617187500000,0.4411621093750000,0.5034179687500000,0.5078125000000000,0.4797363281250000,0.4929199218750000
-1.1513671875000000,-1.0292968750000000,-1.2011718750000000,-1.0351562500000000,-1.1484375000000000,-1.0917968750000000,-1.2089843750000000,-1.3066406250000000,-1.1513671875000000
-1.0097656250000000,-0.8803710937500000,-0.9287109375000000,-1.1220703125000000,-0.8540039062500000,-0.7753906250000000,-0.9472656250000000,-1.1044921875000000,-0.7231445312500000
-0.0504150390625000,-0.2241210937500000,-0.2780761718750000,-0.0704345703125000,-0.1522216796875000,-0.1754150390625000,-0.2377929687500000,-0.1317138671875000,-0.1256103515625000
0.8559570312500000,0.4919433593750000,0.5307617187500000,0.7324218750000000,0.5136718750000000,0.5800781250000000,0.5170898437500000,0.6162109375000000,0.6367187500000000
-1.3359375000000000,-1.2949218750000000,-1.5195312500000000,-1.2617187500000000,-1.4667968750000000,-1.4414062500000000,-1.4687500000000000,-1.4902343750000000,-1.5146484375000000
0.9672851562500000,0.9350585937500000,0.9755859375000000,0.9394531250000000,0.9394531250000000,1.0019531250000000,0.8808593750000000,0.8598632812500000,1.0185546875000000
-1.5126953125000000,-1.4570312500000000,-1.5810546875000000,-1.5087890625000000,-1.5039062500000000,-1.5507812500000000,-1.3984375000000000,-1.4619140625000000,-1.6601562500000000
0.4016113281250000,0.1823730468750000,0.1375732421875000,0.4941406250000000,0.2088623046875000,0.2431640625000000,0.3603515625000000,0.2280273437500000,0.2353515625000000
1.0126953125000000,1.0810546875000000,1.2041015625000000,1.0449218750000000,1.2607421875000000,1.2460937500000000,1.1826171875000000,1.2324218750000000,1.3222656250000000
2.3398437500000000,2.3515625000000000,2.3574218750000000,2.3027343750000000,2.3574218750000000,2.3925781250000000,2.2988281250000000,2.3222656250000000,2.3710937500000000
0.8583984375000000,0.9624023437500000,0.9716796875000000,0.8505859375000000,0.9682617187500000,1.0087890625000000,0.9692382812500000,0.9985351562500000,0.9814453125000000
0.2147216796875000,0.1756591796875000,0.0928955078125000,0.2204589843750000,0.0484313964843750,-0.0439453125000000,0.1340332031250000,0.1203613281250000,-0.0751953125000000
0.3398437500000000,0.5805664062500000,0.6596679687500000,0.3732910156250000,0.6230468750000000,0.6464843750000000,0.5532226562500000,0.6079101562500000,0.7329101562500000
1.1542968750000000,1.0742187500000000,1.3154296875000000,1.0947265625000000,1.1777343750000000,1.3242187500000000,1.1660156250000000,1.3447265625000000,1.3535156250000000
-0.0760498046875000,0.0051651000976562,-0.0457458496093750,-0.0505065917968750,-0.0041084289550781,0.0218200683593750,0.0561828613281250,0.1572265625000000,0.1263427734375000
-1.2919921875000000,-0.6425781250000000,-0.4582519531250000,-1.1650390625000000,-0.5595703125000000,-0.5112304687500000,-0.3425292968750000,-0.1865234375000000,-0.4313964843750000
-0.0189971923828125,0.6855468750000000,0.6230468750000000,0.1732177734375000,0.7866210937500000,0.7841796875000000,0.6933593750000000,0.7226562500000000,0.9155273437500000
-1.1591796875000000,-0.9301757812500000,-0.9819335937500000,-1.1416015625000000,-0.9072265625000000,-0.9824218750000000,-0.8696289062500000,-0.7924804687500000,-0.9365234375000000
-0.2990722656250000,-0.5546875000000000,-0.6455078125000000,-0.3557128906250000,-0.6855468750000000,-0.7900390625000000,-0.4951171875000000,-0.5332031250000000,-0.7636718750000000
-1.4160156250000000,-1.2529296875000000,-1.4042968750000000,-1.3750000000000000,-1.4169921875000000,-1.4140625000000000,-1.5859375000000000,-1.5292968750000000,-1.3935546875000000
-0.0955810546875000,-0.0780639648437500,-0.0641479492187500,-0.0518188476562500,-0.1145019531250000,-0.0681762695312500,-0.1542968750000000,-0.0562438964843750,-0.0877685546875000
0.7436523437500000,1.1611328125000000,1.3857421875000000,0.7822265625000000,1.2519531250000000,1.3466796875000000,1.1679687500000000,1.2939453125000000,1.3251953125000000
1.4228515625000000,1.2724609375000000,1.2480468750000000,1.3730468750000000,1.2226562500000000,1.2148437500000000,0.9829101562500000,1.1943359375000000,1.1523437500000000
0.9604492187500000,1.0966796875000000,1.0800781250000000,1.1220703125000000,1.1796875000000000,1.2207031250000000,1.1328125000000000,1.2236328125000000,1.1337890625000000
0.8764648437500000,0.9511718750000000,1.0351562500000000,0.9179687500000000,0.9892578125000000,1.0947265625000000,0.9223632812500000,0.9902343750000000,1.0566406250000000
-0.8227539062500000,-0.3222656250000000,-0.0879516601562500,-0.7490234375000000,-0.2727050781250000,-0.1561279296875000,-0.3146972656250000,-0.1817626953125000,-0.1119995117187500
-0.8149414062500000,-0.8818359375000000,-1.0410156250000000,-0.8320312500000000,-0.9418945312500000,-0.9121093750000000,-1.0722656250000000,-1.0000000000000000,-0.9892578125000000
-0.3757324218750000,0.3120117187500000,0.5971679687500000,-0.2595214843750000,0.5288085937500000,0.7080078125000000,0.4309082031250000,0.6181640625000000,0.8618164062500000
1.1503906250000000,0.9985351562500000,0.8627929687500000,1.1767578125000000,0.8681640625000000,0.8125000000000000,0.9326171875000000,0.8984375000000000,0.7910156250000000
0.0753784179687500,0.2089843750000000,0.1331787109375000,0.1025390625000000,0.1409912109375000,0.1468505859375000,-0.0671997070312500,0.0944213867187500,0.1669921875000000
-0.3864746093750000,-0.2602539062500000,-0.2915039062500000,-0.4414062500000000,-0.3881835937500000,-0.3352050781250000,-0.5708007812500000,-0.5170898437500000,-0.4230957031250000
-1.4316406250000000,-1.3154296875000000,-1.3691406250000000,-1.3193359375000000,-1.4541015625000000,-1.4423828125000000,-1.5683593750000000,-1.5263671875000000,-1.4492187500000000
-1.3095703125000000,-1.2451171875000000,-1.3720703125000000,-1.2617187500000000,-1.3173828125000000,-1.3476562500000000,-1.3066406250000000,-1.5019531250000000,-1.4433593750000000
-0.7900390625000000,-0.3715820312500000,-0.3012695312500000,-0.7416992187500000,-0.3234863281250000,-0.4619140625000000,-0.5424804687500000,-0.4692382812500000,-0.3610839843750000
-0.7226562500000000,-0.7529296875000000,-0.6635742187500000,-0.7597656250000000,-0.7285156250000000,-0.7016601562500000,-0.8085937500000000,-0.7275390625000000,-0.7011718750000000
0.1604003906250000,-0.5454101562500000,-0.6748046875000000,0.0391540527343750,-0.4660644531250000,-0.5581054687500000,-0.5302734375000000,-0.5952148437500000,-0.4726562500000000
-0.8720703125000000,-0.5913085937500000,-0.6499023437500000,-0.8247070312500000,-0.5908203125000000,-0.5405273437500000,-0.7221679687500000,-0.6181640625000000,-0.4877929687500000
1.1083984375000000,1.1337890625000000,1.2646484375000000,1.1455078125000000,1.2568359375000000,1.3076171875000000,1.3740234375000000,1.4951171875000000,1.3437500000000000
2.3085937500000000,2.4511718750000000,2.6035156250000000,2.3457031250000000,2.5488281250000000,2.5722656250000000,2.4843750000000000,2.5468750000000000,2.5859375000000000
1.1894531250000000,1.1855468750000000,1.1884765625000000,1.2011718750000000,1.2080078125000000,1.1943359375000000,1.0517578125000000,1.1992187500000000,1.2314453125000000
0.1613769531250000,0.4006347656250000,0.4497070312500000,0.1893310546875000,0.3955078125000000,0.3574218750000000,0.3073730468750000,0.4174804687500000,0.4941406250000000
0.5043945312500000,0.4643554687500000,0.4001464843750000,0.4562988281250000,0.4460449218750000,0.4436035156250000,0.2724609375000000,0.3793945312500000,0.4040527343750000
0.6679687500000000,0.8076171875000000,0.8330078125000000,0.7324218750000000,0.8847656250000000,1.0371093750000000,0.7900390625000000,0.8574218750000000,1.1044921875000000
1.0507812500000000,0.9580078125000000,0.8041992187500000,1.0205078125000000,0.8833007812500000,0.8374023437500000,0.7744140625000000,0.8369140625000000,0.7797851562500000
0.4350585937500000,0.2844238281250000,0.1372070312500000,0.4074707031250000,0.2521972656250000,0.0759887695312500,0.0814208984375000,0.0039176940917969,0.2349853515625000
0.3864746093750000,0.6250000000000000,0.6831054687500000,0.3576660156250000,0.6577148437500000,0.6767578125000000,0.7734375000000000,0.7978515625000000,0.6835937500000000
1.3486328125000000,1.3535156250000000,1.3759765625000000,1.3427734375000000,1.4248046875000000,1.3554687500000000,1.4726562500000000,1.4570312500000000,1.4384765625000000
0.3588867187500000,0.3657226562500000,0.3728027343750000,0.3647460937500000,0.4052734375000000,0.4104003906250000,0.3742675781250000,0.4006347656250000,0.3615722656250000
1.8994140625000000,1.8691406250000000,1.9843750000000000,1.8388671875000000,1.8330078125000000,1.8447265625000000,1.7832031250000000,1.7021484375000000,1.6875000000000000
-0.5493164062500000,-0.5874023437500000,-0.4731445312500000,-0.3305664062500000,-0.1688232421875000,-0.0089187622070312,-0.0187530517578125,0.2336425781250000,0.5146484375000000
0.7807617187500000,0.5195312500000000,0.5678710937500000,0.7070312500000000,0.5917968750000000,0.5458984375000000,0.6591796875000000,0.6831054687500000,0.7255859375000000
0.6938476562500000,0.7421875000000000,0.7036132812500000,0.7250976562500000,0.8681640625000000,0.8417968750000000,0.9672851562500000,0.9106445312500000,0.9291992187500000
-0.1618652343750000,-0.2524414062500000,-0.2269287109375000,-0.1304931640625000,-0.3493652343750000,-0.3552246093750000,-0.3566894531250000,-0.5517578125000000,-0.4914550781250000
1.4394531250000000,1.1318359375000000,1.0156250000000000,1.4306640625000000,1.1484375000000000,1.0683593750000000,1.0898437500000000,1.0107421875000000,1.0986328125000000
0.0077438354492188,0.3483886718750000,0.3193359375000000,-0.0151138305664062,0.3981933593750000,0.4113769531250000,0.3869628906250000,0.6679687500000000,0.6987304687500000
1.9208984375000000,2.0097656250000000,2.0097656250000000,1.9121093750000000,1.9941406250000000,2.0214843750000000,2.0449218750000000,2.0605468750000000,2.1054687500000000
1.2548828125000000,1.1835937500000000,1.2021484375000000,1.2558593750000000,1.2431640625000000,1.1152343750000000,1.2402343750000000,1.1826171875000000,1.0888671875000000
-0.4375000000000000,-0.2878417968750000,-0.2081298828125000,-0.4277343750000000,-0.2966308593750000,-0.2109375000000000,-0.3735351562500000,-0.1054687500000000,-0.2690429687500000
0.0034103393554688,0.1353759765625000,0.2359619140625000,0.1323242187500000,0.3669433593750000,0.4672851562500000,0.3002929687500000,0.6127929687500000,0.6938476562500000
0.5249023437500000,0.5131835937500000,0.4838867187500000,0.3286132812500000,0.3754882812500000,0.3859863281250000,0.2187500000000000,0.2932128906250000,0.2954101562500000
2.1855468750000000,2.2949218750000000,2.3183593750000000,2.2148437500000000,2.3417968750000000,2.3652343750000000,2.3535156250000000,2.4179687500000000,2.4746093750000000
0.9707031250000000,1.2539062500000000,1.4287109375000000,1.0244140625000000,1.4736328125000000,1.5185546875000000,1.6611328125000000,1.6875000000000000,1.6005859375000000
1.4472656250000000,1.4716796875000000,1.5322265625000000,1.4072265625000000,1.4482421875000000,1.4609375000000000,1.4130859375000000,1.4267578125000000,1.3857421875000000
-0.6586914062500000,-0.3964843750000000,-0.3967285156250000,-0.6572265625000000,-0.4072265625000000,-0.4450683593750000,-0.4477539062500000,-0.4599609375000000,-0.5449218750000000
0.9169921875000000,0.9565429687500000,0.9384765625000000,1.0048828125000000,0.9277343750000000,0.8735351562500000,0.9433593750000000,0.9409179687500000,0.9643554687500000
0.7954101562500000,0.8002929687500000,0.8276367187500000,0.6894531250000000,0.7011718750000000,0.6997070312500000,0.6132812500000000,0.6303710937500000,0.6196289062500000
0.7084960937500000,0.6582031250000000,0.6489257812500000,0.6816406250000000,0.6420898437500000,0.6762695312500000,0.6132812500000000,0.6586914062500000,0.7231445312500000
0.5424804687500000,0.2221679687500000,0.2210693359375000,0.6000976562500000,0.1926269531250000,0.2252197265625000,0.3041992187500000,0.3061523437500000,0.2995605468750000
1.0068359375000000,0.8774414062500000,0.9311523437500000,1.0537109375000000,0.9296875000000000,0.8984375000000000,1.1650390625000000,1.2724609375000000,0.9794921875000000
1.2597656250000000,1.7119140625000000,1.8125000000000000,1.3154296875000000,1.7519531250000000,1.8203125000000000,1.7900390625000000,1.8515625000000000,1.8730468750000000
0.6762695312500000,0.5195312500000000,0.6728515625000000,0.6918945312500000,0.6235351562500000,0.6977539062500000,0.6337890625000000,0.7050781250000000,0.7324218750000000
1.9003906250000000,1.8867187500000000,1.8574218750000000,1.9189453125000000,1.8740234375000000,1.8496093750000000,1.8496093750000000,1.8740234375000000,1.8779296875000000
-0.1047973632812500,-0.3557128906250000,-0.4458007812500000,-0.0513305664062500,-0.4008789062500000,-0.4831542968750000,-0.5268554687500000,-0.2902832031250000,-0.3193359375000000
0.0853881835937500,-0.2000732421875000,-0.2432861328125000,0.1132202148437500,-0.2541503906250000,-0.2839355468750000,0.0453491210937500,-0.0223846435546875,-0.2924804687500000
0.3657226562500000,0.8378906250000000,1.0869140625000000,0.3823242187500000,1.0302734375000000,1.2265625000000000,1.2304687500000000,0.9873046875000000,1.3720703125000000
0.2958984375000000,0.6391601562500000,0.7084960937500000,0.3654785156250000,0.6127929687500000,0.7773437500000000,0.5703125000000000,0.6313476562500000,0.7387695312500000
0.3520507812500000,0.2988281250000000,0.2069091796875000,0.2556152343750000,0.1037597656250000,0.1093750000000000,0.2238769531250000,0.0145645141601562,0.0196075439453125
0.2354736328125000,-0.0838623046875000,-0.1528320312500000,0.3320312500000000,-0.0485839843750000,-0.0650634765625000,-0.1071166992187500,-0.0357360839843750,0.0624694824218750
0.6557617187500000,0.9570312500000000,0.9887695312500000,0.7993164062500000,0.9858398437500000,1.1376953125000000,0.9316406250000000,1.0244140625000000,1.2744140625000000
-1.0380859375000000,-1.0634765625000000,-1.1669921875000000,-1.1718750000000000,-1.0996093750000000,-1.0927734375000000,-1.2158203125000000,-1.3017578125000000,-1.1425781250000000
1.5078125000000000,1.5185546875000000,1.5820312500000000,1.5429687500000000,1.5488281250000000,1.6220703125000000,1.5273437500000000,1.6748046875000000,1.6093750000000000
0.6469726562500000,0.7421875000000000,0.7739257812500000,0.5625000000000000,0.7358398437500000,0.7211914062500000,0.6826171875000000,0.6870117187500000,0.6889648437500000
1.4433593750000000,1.2978515625000000,1.3886718750000000,1.3964843750000000,1.2285156250000000,1.4062500000000000,1.2119140625000000,1.2529296875000000,1.2998046875000000
-0.9384765625000000,-0.8051757812500000,-0.8393554687500000,-1.0869140625000000,-0.9423828125000000,-1.0507812500000000,-1.2128906250000000,-1.3183593750000000,-1.2890625000000000
-1.9707031250000000,-1.9541015625000000,-2.1679687500000000,-2.0175781250000000,-2.1093750000000000,-2.2656250000000000,-2.1230468750000000,-2.2929687500000000,-2.3222656250000000
1.8056640625000000,1.8457031250000000,1.9833984375000000,1.8564453125000000,1.9667968750000000,1.9853515625000000,1.9101562500000000,1.9121093750000000,2.0195312500000000
-0.0610961914062500,0.3510742187500000,0.4982910156250000,-0.0505065917968750,0.4643554687500000,0.4985351562500000,0.1267089843750000,0.0852050781250000,0.6137695312500000
-0.6225585937500000,-0.0704345703125000,-0.1324462890625000,-0.5961914062500000,-0.1350097656250000,-0.1364746093750000,-0.1947021484375000,-0.1104125976562500,-0.1425781250000000
-0.8925781250000000,-0.9697265625000000,-1.2216796875000000,-0.9492187500000000,-1.1386718750000000,-1.1357421875000000,-1.2265625000000000,-1.2753906250000000,-1.1904296875000000
0.5288085937500000,-0.1480712890625000,-0.2905273437500000,0.3562011718750000,-0.3181152343750000,-0.4211425781250000,-0.2910156250000000,-0.3681640625000000,-0.4875488281250000
-1.1298828125000000,-0.7797851562500000,-0.6772460937500000,-1.0068359375000000,-0.7221679687500000,-0.6459960937500000,-0.8833007812500000,-0.8291015625000000,-0.6176757812500000
-0.7851562500000000,-0.7827148437500000,-0.9018554687500000,-0.6479492187500000,-0.7270507812500000,-0.7592773437500000,-0.6567382812500000,-0.6083984375000000,-0.6113281250000000
0.8935546875000000,0.8662109375000000,0.8999023437500000,0.8730468750000000,0.9853515625000000,0.9057617187500000,1.0019531250000000,1.0048828125000000,1.0185546875000000
0.0146179199218750,0.0189971923828125,0.1135864257812500,0.0211486816406250,0.0243988037109375,-0.0147399902343750,-0.0711669921875000,-0.0194091796875000,0.0268859863281250
1.2128906250000000,1.1728515625000000,1.2187500000000000,1.1357421875000000,1.1718750000000000,1.1425781250000000,1.0742187500000000,1.0078125000000000,0.9804687500000000
0.0847778320312500,-0.0112915039062500,0.0534667968750000,0.0228271484375000,0.0545654296875000,0.0919799804687500,0.0574035644531250,0.1340332031250000,0.1961669921875000
0.6000976562500000,0.6054687500000000,0.5756835937500000,0.5795898437500000,0.6074218750000000,0.5688476562500000,0.6420898437500000,0.5590820312500000,0.5175781250000000
0.6748046875000000,1.2060546875000000,1.4306640625000000,0.8222656250000000,1.3867187500000000,1.5107421875000000,1.4804687500000000,1.5927734375000000,1.6181640625000000
-0.2219238281250000,0.5498046875000000,0.8574218750000000,-0.2082519531250000,0.7036132812500000,0.9228515625000000,0.9619140625000000,1.1767578125000000,0.9711914062500000
1.1835937500000000,1.7246093750000000,1.8564453125000000,1.2197265625000000,1.7685546875000000,1.8974609375000000,1.5781250000000000,1.8564453125000000,2.0039062500000000
0.1340332031250000,-0.3044433593750000,-0.4274902343750000,0.0720825195312500,-0.4111328125000000,-0.5229492187500000,-0.4702148437500000,-0.5283203125000000,-0.6606445312500000
1.3369140625000000,1.0703125000000000,0.9565429687500000,1.2968750000000000,1.0185546875000000,0.9145507812500000,0.9604492187500000,0.8574218750000000,0.9252929687500000
-0.1206665039062500,0.0809936523437500,0.1413574218750000,-0.1512451171875000,0.0996704101562500,0.0465393066406250,0.2687988281250000,0.3342285156250000,0.2012939453125000
-0.7485351562500000,-0.3513183593750000,-0.2636718750000000,-0.7431640625000000,-0.3552246093750000,-0.3266601562500000,-0.3454589843750000,-0.2419433593750000,-0.3178710937500000
-0.9360351562500000,-0.8144531250000000,-0.7421875000000000,-1.0019531250000000,-1.0312500000000000,-0.9663085937500000,-1.1035156250000000,-1.0937500000000000,-1.0234375000000000
-0.9497070312500000,-1.0263671875000000,-0.9804687500000000,-0.9458007812500000,-1.0312500000000000,-0.9208984375000000,-0.9707031250000000,-1.1044921875000000,-0.8227539062500000
1.8789062500000000,1.5986328125000000,1.5947265625000000,1.9355468750000000,1.6279296875000000,1.6640625000000000,1.6181640625000000,1.5693359375000000,1.5898437500000000
1.1494140625000000,1.1162109375000000,1.1308593750000000,1.0585937500000000,1.0693359375000000,1.0771484375000000,0.9726562500000000,0.7822265625000000,0.8056640625000000
0.4333496093750000,0.4775390625000000,0.4697265625000000,0.4382324218750000,0.4514160156250000,0.4418945312500000,0.4970703125000000,0.1955566406250000,0.2053222656250000
-0.8203125000000000,-0.8291015625000000,-0.8134765625000000,-0.8735351562500000,-0.8764648437500000,-0.8515625000000000,-0.9121093750000000,-0.8378906250000000,-0.8549804687500000
-1.6201171875000000,-1.5927734375000000,-1.7363281250000000,-1.5869140625000000,-1.6982421875000000,-1.6445312500000000,-1.5888671875000000,-1.4501953125000000,-1.4677734375000000
1.3056640625000000,1.3740234375000000,1.3935546875000000,1.3750000000000000,1.3417968750000000,1.4941406250000000,1.4365234375000000,1.4755859375000000,1.5478515625000000
-0.1290283203125000,-0.0620727539062500,-0.0994873046875000,-0.3647460937500000,-0.3413085937500000,-0.1889648437500000,-0.5991210937500000,-0.5000000000000000,-0.3894042968750000
-1.0380859375000000,0.0635375976562500,0.1078491210937500,-0.9887695312500000,0.0663452148437500,0.1861572265625000,-0.0606079101562500,0.1384277343750000,0.3083496093750000
-1.5898437500000000,-1.5000000000000000,-1.5537109375000000,-1.6025390625000000,-1.5673828125000000,-1.5605468750000000,-1.5937500000000000,-1.7050781250000000,-1.6455078125000000
0.9243164062500000,0.6997070312500000,0.6250000000000000,0.9306640625000000,0.6157226562500000,0.6069335937500000,0.4338378906250000,0.5102539062500000,0.5493164062500000
-0.5087890625000000,-0.1961669921875000,-0.2347412109375000,-0.3442382812500000,-0.1171875000000000,-0.1461181640625000,-0.0374755859375000,0.0142898559570312,0.0167541503906250
1.5830078125000000,1.2705078125000000,1.3076171875000000,1.5761718750000000,1.2607421875000000,1.2402343750000000,1.2333984375000000,1.2412109375000000,1.1699218750000000
0.0266113281250000,0.2167968750000000,0.2570800781250000,0.1251220703125000,0.2005615234375000,0.1433105468750000,0.2546386718750000,0.1405029296875000,0.1105957031250000
1.0332031250000000,1.0351562500000000,1.0576171875000000,0.9433593750000000,1.0566406250000000,1.0068359375000000,1.0693359375000000,1.0439453125000000,0.9990234375000000
2.2363281250000000,2.3203125000000000,2.4199218750000000,2.2109375000000000,2.3613281250000000,2.3769531250000000,2.4687500000000000,2.4453125000000000,2.4667968750000000
1.2646484375000000,1.2773437500000000,1.4072265625000000,1.2587890625000000,1.3359375000000000,1.4033203125000000,1.2470703125000000,1.2812500000000000,1.3613281250000000
0.1226196289062500,1.0214843750000000,1.1826171875000000,0.3295898437500000,1.1855468750000000,1.2353515625000000,1.2080078125000000,1.3066406250000000,1.4052734375000000
-0.5786132812500000,-0.2391357421875000,-0.2354736328125000,-0.4326171875000000,-0.2524414062500000,-0.2731933593750000,-0.4360351562500000,-0.4140625000000000,-0.4487304687500000
-1.7636718750000000,-1.7333984375000000,-1.9492187500000000,-1.7773437500000000,-1.8320312500000000,-2.0468750000000000,-1.8310546875000000,-1.9765625000000000,-2.0976562500000000
0.2895507812500000,0.5463867187500000,0.5639648437500000,0.2536621093750000,0.5737304687500000,0.5820312500000000,0.5917968750000000,0.5810546875000000,0.6147460937500000
1.0341796875000000,0.8305664062500000,0.7705078125000000,1.0751953125000000,0.7763671875000000,0.7631835937500000,0.8022460937500000,0.7700195312500000,0.7099609375000000
1.5429687500000000,1.6533203125000000,1.7070312500000000,1.5771484375000000,1.6796875000000000,1.7021484375000000,1.7167968750000000,1.7441406250000000,1.7812500000000000
-1.2031250000000000,-0.9536132812500000,-1.0732421875000000,-1.0898437500000000,-1.0986328125000000,-1.1230468750000000,-1.2822265625000000,-1.2441406250000000,-1.3291015625000000
-1.3339843750000000,-0.9379882812500000,-1.0791015625000000,-1.3261718750000000,-1.0224609375000000,-1.0712890625000000,-0.9594726562500000,-1.0371093750000000,-1.2265625000000000
0.2495117187500000,-0.3378906250000000,-0.4541015625000000,0.0737304687500000,-0.3740234375000000,-0.6411132812500000,-0.3686523437500000,-0.5507812500000000,-0.7641601562500000
0.7065429687500000,0.7905273437500000,0.7778320312500000,0.6811523437500000,0.6845703125000000,0.6152343750000000,0.4548339843750000,0.5883789062500000,0.5268554687500000
0.0648193359375000,-0.2324218750000000,-0.3208007812500000,-0.0017604827880859,-0.0657958984375000,-0.1126098632812500,-0.2778320312500000,-0.2174072265625000,-0.3298339843750000
-1.7441406250000000,-1.5576171875000000,-1.7089843750000000,-1.7021484375000000,-1.6669921875000000,-1.7626953125000000,-1.7216796875000000,-1.7587890625000000,-1.8232421875000000
-1.2412109375000000,-0.2220458984375000,-0.1873779296875000,-1.3125000000000000,-0.6157226562500000,-0.5600585937500000,-0.8374023437500000,-0.6909179687500000,-0.5537109375000000
-0.1553955078125000,-0.0889892578125000,-0.1645507812500000,-0.2641601562500000,-0.0650024414062500,-0.1343994140625000,-0.1101074218750000,-0.0416259765625000,-0.0330810546875000
-0.1651611328125000,-0.2371826171875000,-0.3037109375000000,0.0019407272338867,-0.0612182617187500,-0.1077880859375000,-0.1357421875000000,0.0074577331542969,-0.0299224853515625
-0.7338867187500000,-0.4824218750000000,-0.4960937500000000,-0.7187500000000000,-0.7280273437500000,-0.6909179687500000,-1.0302734375000000,-0.7207031250000000,-0.7402343750000000
-1.3798828125000000,-1.1923828125000000,-1.4257812500000000,-1.3886718750000000,-1.2666015625000000,-1.4755859375000000,-1.4150390625000000,-1.2294921875000000,-1.4843750000000000
-0.5800781250000000,-0.4836425781250000,-0.5947265625000000,-0.5541992187500000,-0.6108398437500000,-0.5805664062500000,-0.6108398437500000,-0.4272460937500000,-0.4626464843750000
-1.3847656250000000,-1.0615234375000000,-1.0449218750000000,-1.4746093750000000,-1.1308593750000000,-1.0849609375000000,-1.2500000000000000,-1.0908203125000000,-1.1083984375000000
-1.8046875000000000,-1.3837890625000000,-1.5332031250000000,-1.7783203125000000,-1.4746093750000000,-1.6552734375000000,-1.5585937500000000,-1.2646484375000000,-1.6826171875000000
-1.2480468750000000,-0.5444335937500000,-0.4313964843750000,-1.1777343750000000,-0.5405273437500000,-0.5356445312500000,-0.5419921875000000,-0.5263671875000000,-0.4584960937500000
0.6455078125000000,0.6357421875000000,0.6411132812500000,0.6904296875000000,0.7812500000000000,0.7534179687500000,0.9218750000000000,0.8974609375000000,0.9038085937500000
0.2746582031250000,0.2878417968750000,0.2556152343750000,0.4194335937500000,0.2890625000000000,0.2524414062500000,0.3935546875000000,0.3120117187500000,0.4309082031250000
-1.6562500000000000,-1.7705078125000000,-1.9599609375000000,-1.5351562500000000,-1.7695312500000000,-1.8212890625000000,-1.8955078125000000,-1.7783203125000000,-1.9091796875000000
-0.4450683593750000,-0.1798095703125000,0.0264892578125000,-0.4309082031250000,-0.1522216796875000,-0.0000996589660645,-0.3007812500000000,-0.1907958984375000,-0.0339660644531250
-1.1572265625000000,-0.7177734375000000,-0.7626953125000000,-1.1875000000000000,-0.8930664062500000,-0.8227539062500000,-1.0078125000000000,-0.9306640625000000,-0.9379882812500000
1.1796875000000000,0.7827148437500000,0.7397460937500000,1.1826171875000000,0.9482421875000000,0.8403320312500000,1.0419921875000000,0.9326171875000000,0.8496093750000000
-0.9975585937500000,-1.0234375000000000,-1.1191406250000000,-0.9453125000000000,-1.0009765625000000,-1.0830078125000000,-0.9965820312500000,-0.9580078125000000,-0.9638671875000000
0.8291015625000000,0.8266601562500000,0.6835937500000000,0.8315429687500000,0.7641601562500000,0.6850585937500000,0.8901367187500000,0.8447265625000000,0.7680664062500000
1.1689453125000000,1.5058593750000000,1.5419921875000000,1.1806640625000000,1.4550781250000000,1.5566406250000000,1.2705078125000000,1.4287109375000000,1.4521484375000000
1.4697265625000000,1.3945312500000000,1.4335937500000000,1.6503906250000000,1.4873046875000000,1.4990234375000000,1.4882812500000000,1.4277343750000000,1.5546875000000000
1.3701171875000000,1.3486328125000000,1.3408203125000000,1.4345703125000000,1.4951171875000000,1.4306640625000000,1.5703125000000000,1.5322265625000000,1.5107421875000000
0.5625000000000000,0.5522460937500000,0.5102539062500000,0.5791015625000000,0.6235351562500000,0.5078125000000000,0.6557617187500000,0.6000976562500000,0.6743164062500000
2.3437500000000000,2.3125000000000000,2.3085937500000000,2.3847656250000000,2.3378906250000000,2.3281250000000000,2.3183593750000000,2.3769531250000000,2.3710937500000000
-0.3784179687500000,-0.4309082031250000,-0.5869140625000000,-0.3818359375000000,-0.5385742187500000,-0.5830078125000000,-0.6083984375000000,-0.5605468750000000,-0.5673828125000000
-0.3034667968750000,-0.4626464843750000,-0.5458984375000000,-0.4086914062500000,-0.5854492187500000,-0.6166992187500000,-0.6645507812500000,-0.6137695312500000,-0.6899414062500000
0.8261718750000000,0.8139648437500000,0.7817382812500000,0.8808593750000000,0.8535156250000000,0.7841796875000000,0.6035156250000000,0.6523437500000000,0.9184570312500000
0.4328613281250000,0.0466003417968750,-0.0520629882812500,0.3425292968750000,-0.0044059753417969,-0.0512695312500000,-0.1511230468750000,0.0045509338378906,-0.0981445312500000
1.3769531250000000,1.2812500000000000,1.3154296875000000,1.2451171875000000,1.2099609375000000,1.2441406250000000,1.3085937500000000,1.2763671875000000,1.3037109375000000
-0.4541015625000000,-0.1910400390625000,-0.2858886718750000,-0.4018554687500000,-0.2583007812500000,-0.2697753906250000,-0.4533691406250000,-0.2824707031250000,-0.2504882812500000
0.8330078125000000,0.5737304687500000,0.5527343750000000,0.8813476562500000,0.5097656250000000,0.5078125000000000,0.5693359375000000,0.6020507812500000,0.5927734375000000
-1.0761718750000000,-1.1972656250000000,-1.4599609375000000,-1.2382812500000000,-1.4082031250000000,-1.6708984375000000,-1.6113281250000000,-1.6738281250000000,-1.8261718750000000
-1.3310546875000000,-1.3505859375000000,-1.3603515625000000,-1.3544921875000000,-1.4199218750000000,-1.3710937500000000,-1.5498046875000000,-1.5195312500000000,-1.4804687500000000
-1.9267578125000000,-1.7333984375000000,-1.4169921875000000,-1.8779296875000000,-1.6015625000000000,-1.3984375000000000,-1.6728515625000000,-1.2675781250000000,-1.1513671875000000
0.6176757812500000,0.6577148437500000,0.7045898437500000,0.6484375000000000,0.7158203125000000,0.6992187500000000,0.7148437500000000,0.4855957031250000,0.6577148437500000
-0.0845947265625000,0.2858886718750000,0.3232421875000000,0.0875854492187500,0.3613281250000000,0.3784179687500000,0.3427734375000000,0.3520507812500000,0.3227539062500000
-1.4023437500000000,-0.9257812500000000,-0.7749023437500000,-1.3349609375000000,-0.9877929687500000,-0.8554687500000000,-1.2851562500000000,-1.2246093750000000,-0.9130859375000000
-0.0302886962890625,0.0172882080078125,0.1056518554687500,0.0752563476562500,0.1101074218750000,0.1364746093750000,-0.0020370483398438,0.0293884277343750,0.1040649414062500
-0.7602539062500000,-0.6562500000000000,-0.7817382812500000,-0.6987304687500000,-0.7397460937500000,-0.7651367187500000,-0.3996582031250000,-0.4145507812500000,-0.7275390625000000
1.1777343750000000,1.1445312500000000,1.1884765625000000,1.1640625000000000,1.1035156250000000,1.1484375000000000,1.0732421875000000,1.1406250000000000,1.1748046875000000
0.9194335937500000,1.0263671875000000,0.9785156250000000,0.9594726562500000,1.0205078125000000,1.0410156250000000,0.9047851562500000,0.9594726562500000,1.0791015625000000
-0.1307373046875000,0.0656127929687500,0.0643310546875000,-0.1776123046875000,0.0146942138671875,0.0703735351562500,0.1923828125000000,0.2259521484375000,0.0501098632812500
-1.9501953125000000,-1.9189453125000000,-1.9990234375000000,-1.9199218750000000,-1.9990234375000000,-1.9863281250000000,-1.9433593750000000,-1.9677734375000000,-2.0078125000000000
0.1230468750000000,0.0192260742187500,-0.1151123046875000,0.0839233398437500,-0.0034885406494141,-0.1717529296875000,0.0569152832031250,-0.0175170898437500,-0.1584472656250000
-0.8652343750000000,-0.8740234375000000,-0.9755859375000000,-0.8432617187500000,-0.8813476562500000,-0.7568359375000000,-1.0097656250000000,-0.9086914062500000,-0.7631835937500000
-0.8120117187500000,-0.6708984375000000,-0.5854492187500000,-0.7563476562500000,-0.6982421875000000,-0.5625000000000000,-0.8837890625000000,-0.7841796875000000,-0.6289062500000000
-1.4414062500000000,-1.3750000000000000,-1.4345703125000000,-1.4697265625000000,-1.3994140625000000,-1.3437500000000000,-1.4208984375000000,-1.3320312500000000,-1.3642578125000000
1.3476562500000000,1.1953125000000000,1.1425781250000000,1.4121093750000000,1.2646484375000000,1.2246093750000000,1.4248046875000000,1.4062500000000000,1.2880859375000000
0.3549804687500000,0.6762695312500000,0.8208007812500000,0.3012695312500000,0.6630859375000000,0.8061523437500000,0.3486328125000000,0.6113281250000000,0.8217773437500000
-1.1054687500000000,-0.9594726562500000,-0.9243164062500000,-0.9907226562500000,-1.0117187500000000,-0.9189453125000000,-0.7758789062500000,-0.6586914062500000,-0.9785156250000000
0.1951904296875000,-0.1131591796875000,-0.3173828125000000,0.2832031250000000,-0.0453186035156250,-0.2067871093750000,-0.1647949218750000,-0.1295166015625000,-0.0210571289062500
-0.7973632812500000,-0.6425781250000000,-0.6645507812500000,-0.7363281250000000,-0.6669921875000000,-0.5751953125000000,-0.7343750000000000,-0.7138671875000000,-0.5668945312500000
-1.5527343750000000,-1.3779296875000000,-1.4267578125000000,-1.4804687500000000,-1.4638671875000000,-1.4765625000000000,-1.3955078125000000,-1.5087890625000000,-1.5576171875000000
2.0429687500000000,1.8515625000000000,1.8564453125000000,2.0664062500000000,1.9199218750000000,1.8955078125000000,1.9941406250000000,1.9736328125000000,1.9433593750000000
0.4182128906250000,0.1761474609375000,0.1522216796875000,0.4414062500000000,0.1881103515625000,0.1977539062500000,0.0994262695312500,0.0952758789062500,0.2846679687500000
2.1933593750000000,2.0429687500000000,2.0175781250000000,2.2148437500000000,2.0820312500000000,2.0839843750000000,2.1425781250000000,2.1250000000000000,2.1601562500000000
-0.9360351562500000,-0.8227539062500000,-0.6997070312500000,-0.9316406250000000,-0.7963867187500000,-0.7397460937500000,-1.1035156250000000,-1.0576171875000000,-0.7216796875000000
1.9296875000000000,1.7333984375000000,1.8037109375000000,1.9306640625000000,1.7685546875000000,1.7832031250000000,1.7978515625000000,1.7636718750000000,1.7695312500000000
-1.1708984375000000,-0.8740234375000000,-0.9370117187500000,-1.2070312500000000,-0.9555664062500000,-0.9897460937500000,-0.8725585937500000,-0.8686523437500000,-0.9272460937500000
-0.0703735351562500,0.4045410156250000,0.4838867187500000,0.0269165039062500,0.4069824218750000,0.4799804687500000,0.4213867187500000,0.4746093750000000,0.5195312500000000
-0.4584960937500000,-0.3732910156250000,-0.3923339843750000,-0.4973144531250000,-0.4841308593750000,-0.4855957031250000,-0.4157714843750000,-0.4958496093750000,-0.5371093750000000
0.2802734375000000,0.5551757812500000,0.5151367187500000,0.2890625000000000,0.5502929687500000,0.5146484375000000,0.5952148437500000,0.5161132812500000,0.5092773437500000
0.2110595703125000,0.4558105468750000,0.5522460937500000,0.4101562500000000,0.5463867187500000,0.6035156250000000,0.6391601562500000,0.6469726562500000,0.6542968750000000
-1.6806640625000000,-1.5078125000000000,-1.5175781250000000,-1.5937500000000000,-1.5468750000000000,-1.5156250000000000,-1.5644531250000000,-1.5654296875000000,-1.6005859375000000
-0.5000000000000000,-0.2130126953125000,-0.2770996093750000,-0.5107421875000000,-0.2724609375000000,-0.2340087890625000,-0.2128906250000000,-0.2932128906250000,-0.3466796875000000
-1.5429687500000000,-1.1884765625000000,-1.1923828125000000,-1.4628906250000000,-1.2724609375000000,-1.2255859375000000,-1.3183593750000000,-1.2871093750000000,-1.2402343750000000
1.2128906250000000,1.5576171875000000,1.7021484375000000,1.0615234375000000,1.5429687500000000,1.6894531250000000,1.5849609375000000,1.5517578125000000,1.6582031250000000
-1.0878906250000000,-1.2294921875000000,-1.3779296875000000,-0.9536132812500000,-1.3056640625000000,-1.3076171875000000,-1.1445312500000000,-1.1904296875000000,-1.3652343750000000
1.2705078125000000,1.4101562500000000,1.5742187500000000,1.3085937500000000,1.5361328125000000,1.6230468750000000,1.4072265625000000,1.5849609375000000,1.6708984375000000
-2.5117187500000000,-2.0390625000000000,-2.0410156250000000,-2.3046875000000000,-2.0761718750000000,-2.1660156250000000,-1.9248046875000000,-1.9863281250000000,-2.0175781250000000
1.9892578125000000,1.9931640625000000,2.0546875000000000,1.9873046875000000,2.0156250000000000,2.0625000000000000,1.8984375000000000,1.9892578125000000,2.0625000000000000
2.1074218750000000,2.1894531250000000,2.2128906250000000,2.1171875000000000,2.1757812500000000,2.2031250000000000,2.1484375000000000,2.1992187500000000,2.1972656250000000
0.5961914062500000,0.6542968750000000,0.7294921875000000,0.5219726562500000,0.6650390625000000,0.6533203125000000,0.6752929687500000,0.6884765625000000,0.7348632812500000
0.6088867187500000,0.4416503906250000,0.4953613281250000,0.6225585937500000,0.5537109375000000,0.5795898437500000,0.5312500000000000,0.6166992187500000,0.6298828125000000
0.5742187500000000,0.2368164062500000,0.0773315429687500,0.6342773437500000,0.1954345703125000,0.1121215820312500,0.2868652343750000,0.3164062500000000,0.1855468750000000
-0.0764770507812500,-0.2438964843750000,-0.3288574218750000,-0.0784301757812500,-0.2680664062500000,-0.4162597656250000,-0.3007812500000000,-0.3156738281250000,-0.4443359375000000
1.6386718750000000,1.6445312500000000,1.6464843750000000,1.6503906250000000,1.6855468750000000,1.6748046875000000,1.7480468750000000,1.7734375000000000,1.7382812500000000
-1.1425781250000000,-1.3427734375000000,-1.5800781250000000,-1.3398437500000000,-1.5507812500000000,-1.6894531250000000,-1.5810546875000000,-1.6562500000000000,-1.8134765625000000
1.7080078125000000,1.5361328125000000,1.5986328125000000,1.6796875000000000,1.6054687500000000,1.6484375000000000,1.6347656250000000,1.7226562500000000,1.8056640625000000
1.0869140625000000,1.2216796875000000,1.1777343750000000,1.1357421875000000,1.2529296875000000,1.1835937500000000,1.1787109375000000,1.2695312500000000,1.2558593750000000
1.2578125000000000,1.3330078125000000,1.3095703125000000,1.2236328125000000,1.4306640625000000,1.4052734375000000,1.5224609375000000,1.5605468750000000,1.5312500000000000
0.6889648437500000,0.9648437500000000,1.1748046875000000,0.7998046875000000,1.1005859375000000,1.1328125000000000,0.9677734375000000,1.1318359375000000,1.2363281250000000
1.3642578125000000,1.4140625000000000,1.5078125000000000,1.4941406250000000,1.5234375000000000,1.5458984375000000,1.4921875000000000,1.5546875000000000,1.5732421875000000
-1.1318359375000000,-1.1123046875000000,-1.2490234375000000,-1.2597656250000000,-1.3720703125000000,-1.5175781250000000,-1.1572265625000000,-1.3642578125000000,-1.6142578125000000
-1.6171875000000000,-1.1494140625000000,-1.2773437500000000,-1.5576171875000000,-1.3183593750000000,-1.3212890625000000,-1.4511718750000000,-1.3369140625000000,-1.4208984375000000
-1.5029296875000000,-1.5888671875000000,-1.7363281250000000,-1.4531250000000000,-1.7001953125000000,-1.7099609375000000,-1.7841796875000000,-1.6826171875000000,-1.7421875000000000
-0.6235351562500000,-0.8842773437500000,-0.9111328125000000,-0.5996093750000000,-0.8950195312500000,-0.9052734375000000,-0.8168945312500000,-0.8637695312500000,-0.8823242187500000
-0.8554687500000000,-0.8295898437500000,-0.8964843750000000,-0.8125000000000000,-0.8520507812500000,-0.8623046875000000,-0.7856445312500000,-0.9189453125000000,-0.9858398437500000
-0.1651611328125000,-0.5747070312500000,-0.8027343750000000,-0.3310546875000000,-0.7700195312500000,-0.9125976562500000,-0.6816406250000000,-0.8701171875000000,-0.9477539062500000
1.8085937500000000,1.9267578125000000,2.0761718750000000,1.8193359375000000,2.0292968750000000,2.1171875000000000,2.0351562500000000,2.0820312500000000,2.1542968750000000
-0.9291992187500000,-0.6650390625000000,-0.7280273437500000,-0.8583984375000000,-0.6855468750000000,-0.6831054687500000,-0.6372070312500000,-0.6308593750000000,-0.7089843750000000
0.7915039062500000,0.7128906250000000,0.6435546875000000,0.7934570312500000,0.6835937500000000,0.6020507812500000,0.7836914062500000,0.6567382812500000,0.5229492187500000
0.5415039062500000,0.5209960937500000,0.4924316406250000,0.4406738281250000,0.4755859375000000,0.3999023437500000,0.5288085937500000,0.5214843750000000,0.4599609375000000
0.5620117187500000,0.8974609375000000,1.1835937500000000,0.5917968750000000,1.1230468750000000,1.2597656250000000,1.0400390625000000,1.2500000000000000,1.3994140625000000
-0.7622070312500000,-0.8452148437500000,-0.9580078125000000,-0.8735351562500000,-0.9428710937500000,-1.0878906250000000,-0.9155273437500000,-1.0078125000000000,-1.2548828125000000
0.7719726562500000,0.3220214843750000,0.1677246093750000,0.8627929687500000,0.4497070312500000,0.3342285156250000,0.5771484375000000,0.5683593750000000,0.4838867187500000
-0.3190917968750000,0.3322753906250000,0.5551757812500000,-0.2839355468750000,0.3508300781250000,0.4279785156250000,0.1899414062500000,0.3391113281250000,0.4897460937500000
2.0664062500000000,2.0117187500000000,2.0468750000000000,2.1503906250000000,2.1445312500000000,2.1250000000000000,2.1660156250000000,2.1757812500000000,2.2050781250000000
-0.4428710937500000,-0.3010253906250000,-0.2824707031250000,-0.6171875000000000,-0.3820800781250000,-0.3530273437500000,-0.3752441406250000,-0.4077148437500000,-0.4284667968750000
-0.8637695312500000,-1.0439453125000000,-1.1611328125000000,-0.7880859375000000,-1.0410156250000000,-1.1562500000000000,-0.9824218750000000,-1.0087890625000000,-1.1855468750000000
1.8359375000000000,1.7519531250000000,1.8261718750000000,1.7871093750000000,1.6474609375000000,1.7031250000000000,1.5839843750000000,1.6445312500000000,1.6406250000000000
-0.4541015625000000,0.0342712402343750,0.0861816406250000,-0.5415039062500000,-0.0507202148437500,0.0625610351562500,-0.0409545898437500,-0.0569763183593750,0.0064086914062500
-0.4667968750000000,-0.3962402343750000,-0.5166015625000000,-0.5234375000000000,-0.5400390625000000,-0.5717773437500000,-0.6303710937500000,-0.5424804687500000,-0.5170898437500000
0.4790039062500000,0.5996093750000000,0.5957031250000000,0.4152832031250000,0.5156250000000000,0.4194335937500000,0.5092773437500000,0.4023437500000000,0.4218750000000000
-0.5927734375000000,-0.3112792968750000,-0.2399902343750000,-0.5253906250000000,-0.1905517578125000,-0.1723632812500000,-0.2736816406250000,-0.0509643554687500,-0.0445861816406250
0.2116699218750000,0.7797851562500000,1.0009765625000000,0.3229980468750000,0.9550781250000000,1.0517578125000000,0.8852539062500000,0.9965820312500000,1.1025390625000000
0.7421875000000000,0.8369140625000000,0.9125976562500000,0.8085937500000000,0.8945312500000000,0.8574218750000000,0.6411132812500000,0.8730468750000000,0.9082031250000000
0.8720703125000000,0.7631835937500000,0.7827148437500000,0.9965820312500000,0.9008789062500000,0.7763671875000000,1.0029296875000000,1.0000000000000000,0.9399414062500000
-0.0075073242187500,-0.3708496093750000,-0.3815917968750000,-0.0491638183593750,-0.3864746093750000,-0.4648437500000000,-0.5454101562500000,-0.2626953125000000,-0.3537597656250000
-0.0326843261718750,-0.3422851562500000,-0.4519042968750000,-0.0156173706054688,-0.3029785156250000,-0.4941406250000000,-0.2465820312500000,-0.2561035156250000,-0.3554687500000000
0.5932617187500000,0.9604492187500000,1.0625000000000000,0.6962890625000000,1.0234375000000000,1.0429687500000000,1.0986328125000000,1.1142578125000000,1.1162109375000000
-0.7612304687500000,-1.2324218750000000,-1.0673828125000000,-1.0097656250000000,-1.2109375000000000,-1.0537109375000000,-1.2207031250000000,-1.1025390625000000,-1.0009765625000000
1.0585937500000000,1.0117187500000000,0.9575195312500000,0.9555664062500000,1.0068359375000000,1.0205078125000000,0.7197265625000000,0.7021484375000000,1.0048828125000000
1.2509765625000000,1.0957031250000000,1.0507812500000000,1.2939453125000000,1.2558593750000000,1.0458984375000000,1.3818359375000000,1.3447265625000000,1.1923828125000000
1.7763671875000000,1.7343750000000000,1.7724609375000000,1.8935546875000000,1.8730468750000000,1.8515625000000000,1.9335937500000000,1.9589843750000000,1.9130859375000000
0.4487304687500000,0.4096679687500000,0.3952636718750000,0.4353027343750000,0.3710937500000000,0.2746582031250000,0.2912597656250000,0.4062500000000000,0.3159179687500000
-1.4345703125000000,-1.3388671875000000,-1.3349609375000000,-1.3701171875000000,-1.3291015625000000,-1.4423828125000000,-1.3623046875000000,-1.2626953125000000,-1.3935546875000000
-0.1049804687500000,0.0925292968750000,0.0042457580566406,-0.0402832031250000,0.0610046386718750,-0.0726928710937500,0.1148071289062500,0.0320434570312500,-0.0935668945312500
-0.3083496093750000,-0.2454833984375000,-0.1793212890625000,-0.1851806640625000,-0.2641601562500000,-0.2646484375000000,-0.2949218750000000,-0.3146972656250000,-0.3190917968750000
-1.6201171875000000,-1.5292968750000000,-1.7519531250000000,-1.6748046875000000,-1.7695312500000000,-1.9111328125000000,-1.6005859375000000,-1.7597656250000000,-1.8173828125000000
0.1268310546875000,0.2663574218750000,0.3325195312500000,0.0238800048828125,0.2423095703125000,0.2863769531250000,0.2685546875000000,0.1936035156250000,0.3024902343750000
0.8437500000000000,0.7529296875000000,0.8437500000000000,0.8803710937500000,0.8950195312500000,0.8730468750000000,1.0068359375000000,0.9145507812500000,0.9140625000000000
1.3251953125000000,1.3671875000000000,1.2363281250000000,1.5058593750000000,1.3447265625000000,1.1425781250000000,1.6640625000000000,1.2812500000000000,1.0537109375000000
-1.0908203125000000,-1.0634765625000000,-0.9433593750000000,-1.0869140625000000,-1.1542968750000000,-0.8872070312500000,-1.1650390625000000,-0.9877929687500000,-0.8613281250000000
1.7050781250000000,1.7353515625000000,1.7490234375000000,1.6796875000000000,1.6962890625000000,1.6982421875000000,1.5263671875000000,1.6074218750000000,1.7558593750000000
0.6772460937500000,0.5312500000000000,0.5541992187500000,0.7094726562500000,0.5410156250000000,0.5649414062500000,0.5986328125000000,0.6572265625000000,0.6923828125000000
1.0664062500000000,1.0175781250000000,1.0966796875000000,1.0166015625000000,1.0058593750000000,1.1044921875000000,1.0400390625000000,1.1113281250000000,1.1455078125000000
-0.8974609375000000,-0.9921875000000000,-1.1982421875000000,-0.8334960937500000,-1.1103515625000000,-1.1728515625000000,-0.9780273437500000,-1.0957031250000000,-1.2421875000000000
0.5502929687500000,1.0810546875000000,1.1318359375000000,0.5312500000000000,1.1699218750000000,1.1396484375000000,1.2773437500000000,1.2099609375000000,1.2041015625000000
2.1562500000000000,2.1679687500000000,2.1718750000000000,2.1914062500000000,2.1953125000000000,2.2148437500000000,2.1289062500000000,2.1621093750000000,2.1816406250000000
1.5576171875000000,1.4736328125000000,1.5888671875000000,1.6542968750000000,1.6298828125000000,1.6230468750000000,1.5927734375000000,1.7060546875000000,1.7373046875000000
-0.5136718750000000,-0.1582031250000000,-0.2368164062500000,-0.4301757812500000,-0.2529296875000000,-0.3713378906250000,-0.3884277343750000,-0.2587890625000000,-0.4333496093750000
0.5361328125000000,0.5961914062500000,0.6870117187500000,0.4116210937500000,0.6020507812500000,0.5200195312500000,0.3955078125000000,0.4770507812500000,0.5195312500000000
-0.6699218750000000,-0.8359375000000000,-1.0195312500000000,-0.6152343750000000,-0.9013671875000000,-1.0839843750000000,-0.7070312500000000,-0.9790039062500000,-1.1230468750000000
0.9687500000000000,0.9946289062500000,1.1308593750000000,0.9819335937500000,1.0185546875000000,1.0722656250000000,0.9340820312500000,1.0244140625000000,1.1201171875000000
1.9824218750000000,1.7832031250000000,1.7900390625000000,1.9365234375000000,1.7861328125000000,1.7714843750000000,1.5849609375000000,1.7744140625000000,1.7822265625000000
-0.0478210449218750,0.4477539062500000,0.3222656250000000,0.0188903808593750,0.3315429687500000,0.1845703125000000,0.3818359375000000,0.1495361328125000,0.1384277343750000
-0.4035644531250000,-0.3947753906250000,-0.4401855468750000,-0.3144531250000000,-0.3647460937500000,-0.4760742187500000,-0.4582519531250000,-0.4035644531250000,-0.3503417968750000
-0.4741210937500000,-0.1442871093750000,-0.1844482421875000,-0.2680664062500000,-0.1405029296875000,-0.0974731445312500,-0.1354980468750000,-0.1353759765625000,-0.1003417968750000
1.5908203125000000,1.6513671875000000,1.6689453125000000,1.6220703125000000,1.6386718750000000,1.6767578125000000,1.6298828125000000,1.6718750000000000,1.7011718750000000
-0.5449218750000000,-0.6674804687500000,-0.5595703125000000,-0.5610351562500000,-0.6362304687500000,-0.5952148437500000,-0.6274414062500000,-0.5688476562500000,-0.5410156250000000
0.3933105468750000,0.0690917968750000,0.0846557617187500,0.4479980468750000,0.1470947265625000,-0.0121307373046875,0.1480712890625000,0.0734863281250000,-0.0403137207031250
-0.2149658203125000,-0.1151733398437500,-0.0179595947265625,-0.1093750000000000,-0.0609130859375000,-0.1348876953125000,-0.1582031250000000,-0.0773315429687500,-0.0812988281250000
-0.4477539062500000,-1.2353515625000000,-1.5488281250000000,-0.6293945312500000,-1.4824218750000000,-1.8173828125000000,-1.6181640625000000,-1.7880859375000000,-2.0683593750000000
-0.4685058593750000,-1.0292968750000000,-1.3974609375000000,-0.7011718750000000,-1.1962890625000000,-1.5595703125000000,-1.0888671875000000,-1.2753906250000000,-1.6728515625000000
0.2381591796875000,0.4865722656250000,0.7167968750000000,0.3081054687500000,0.5444335937500000,0.6469726562500000,0.0098571777343750,0.1033935546875000,0.6748046875000000
-1.0546875000000000,-0.9301757812500000,-0.9970703125000000,-1.0507812500000000,-1.0449218750000000,-1.0029296875000000,-0.9960937500000000,-1.0097656250000000,-1.0742187500000000
1.5625000000000000,1.8662109375000000,2.0156250000000000,1.5097656250000000,1.8505859375000000,1.9648437500000000,1.7207031250000000,1.7832031250000000,1.9619140625000000
-1.2646484375000000,-1.2812500000000000,-1.3935546875000000,-1.2812500000000000,-1.3671875000000000,-1.4179687500000000,-1.1855468750000000,-1.3779296875000000,-1.4775390625000000
-0.8857421875000000,-0.8203125000000000,-0.8579101562500000,-0.8251953125000000,-0.8520507812500000,-0.8134765625000000,-0.8588867187500000,-0.9394531250000000,-0.9770507812500000
-0.2773437500000000,-0.0879516601562500,-0.1844482421875000,-0.0860595703125000,-0.0979003906250000,-0.1146240234375000,-0.1333007812500000,-0.1739501953125000,-0.1497802734375000
-0.1571044921875000,-0.3613281250000000,-0.5454101562500000,-0.2800292968750000,-0.5551757812500000,-0.5854492187500000,-0.5273437500000000,-0.6796875000000000,-0.9404296875000000
-1.3935546875000000,-1.3935546875000000,-1.6347656250000000,-1.4960937500000000,-1.6621093750000000,-1.7158203125000000,-1.6289062500000000,-1.5869140625000000,-1.8212890625000000
-0.9433593750000000,-1.0263671875000000,-1.0263671875000000,-0.9609375000000000,-1.0556640625000000,-1.3183593750000000,-0.9453125000000000,-1.0166015625000000,-1.1425781250000000
0.8173828125000000,0.2308349609375000,0.2147216796875000,0.5991210937500000,0.2675781250000000,0.1600341796875000,0.3715820312500000,0.3371582031250000,0.3896484375000000
0.3383789062500000,0.6577148437500000,0.7944335937500000,0.2089843750000000,0.6650390625000000,0.6953125000000000,0.5771484375000000,0.6040039062500000,0.6958007812500000
0.5419921875000000,0.2856445312500000,0.3569335937500000,0.3771972656250000,0.2829589843750000,0.2418212890625000,0.2078857421875000,0.2927246093750000,0.3002929687500000
-0.1124267578125000,-0.1506347656250000,-0.2269287109375000,0.0391235351562500,-0.1734619140625000,-0.2517089843750000,-0.2391357421875000,-0.1940917968750000,-0.1772460937500000
-0.0760498046875000,-0.0842895507812500,-0.1446533203125000,-0.0188446044921875,-0.0974121093750000,-0.1774902343750000,-0.0239105224609375,-0.0518798828125000,-0.1145629882812500
0.2032470703125000,0.3098144531250000,0.4421386718750000,0.3718261718750000,0.4680175781250000,0.4916992187500000,0.2792968750000000,0.5244140625000000,0.6386718750000000
-0.5458984375000000,-0.4287109375000000,-0.5317382812500000,-0.4824218750000000,-0.4843750000000000,-0.4953613281250000,-0.4980468750000000,-0.4458007812500000,-0.3840332031250000
-0.2768554687500000,-0.4897460937500000,-0.5170898437500000,-0.1459960937500000,-0.3859863281250000,-0.4807128906250000,-0.3701171875000000,-0.4873046875000000,-0.4826660156250000
1.1728515625000000,0.9819335937500000,0.9155273437500000,1.1503906250000000,1.0361328125000000,0.9838867187500000,1.0419921875000000,1.1367187500000000,1.0732421875000000
-1.8554687500000000,-1.7011718750000000,-1.8388671875000000,-1.8955078125000000,-1.8320312500000000,-1.8916015625000000,-1.7734375000000000,-1.8876953125000000,-1.8945312500000000
-0.1833496093750000,0.4545898437500000,0.7812500000000000,-0.1484375000000000,0.4960937500000000,0.7094726562500000,0.1719970703125000,0.5019531250000000,0.6376953125000000
-1.6914062500000000,-1.9423828125000000,-2.2480468750000000,-1.8544921875000000,-2.2207031250000000,-2.1386718750000000,-2.0351562500000000,-1.9960937500000000,-2.0449218750000000
1.8183593750000000,1.8085937500000000,1.8525390625000000,1.7724609375000000,1.7597656250000000,1.8300781250000000,1.5039062500000000,1.6855468750000000,1.7939453125000000
0.7871093750000000,0.4406738281250000,0.2293701171875000,0.8740234375000000,0.4394531250000000,0.2509765625000000,0.2783203125000000,0.2139892578125000,0.1011962890625000
0.1677246093750000,-0.3857421875000000,-0.5571289062500000,0.2252197265625000,-0.3430175781250000,-0.5302734375000000,-0.3793945312500000,-0.3571777343750000,-0.4877929687500000
-0.0111846923828125,0.0419311523437500,0.2388916015625000,0.0864257812500000,0.1505126953125000,0.2792968750000000,0.1544189453125000,0.2026367187500000,0.2958984375000000
-0.8627929687500000,-0.6313476562500000,-0.5668945312500000,-0.7451171875000000,-0.5771484375000000,-0.6396484375000000,-0.5444335937500000,-0.6210937500000000,-0.6767578125000000
-1.6835937500000000,-1.6855468750000000,-1.8144531250000000,-1.6376953125000000,-1.7041015625000000,-1.8144531250000000,-1.6191406250000000,-1.7031250000000000,-1.8085937500000000
-0.1453857421875000,0.0127334594726562,0.1194458007812500,-0.1925048828125000,-0.0864257812500000,0.1191406250000000,-0.1807861328125000,-0.1590576171875000,0.0269927978515625
-0.8032226562500000,-0.9575195312500000,-1.1318359375000000,-0.6938476562500000,-1.0654296875000000,-1.0986328125000000,-0.9077148437500000,-0.9262695312500000,-1.0126953125000000
-1.8544921875000000,-1.7529296875000000,-1.8652343750000000,-1.8251953125000000,-1.8212890625000000,-1.8808593750000000,-1.7919921875000000,-1.8017578125000000,-1.7871093750000000
-1.3486328125000000,-0.7060546875000000,-0.5302734375000000,-1.2587890625000000,-0.7607421875000000,-0.5903320312500000,-1.0458984375000000,-0.7758789062500000,-0.6425781250000000
-1.1132812500000000,-1.1416015625000000,-1.1962890625000000,-1.1425781250000000,-1.2314453125000000,-1.1904296875000000,-1.2441406250000000,-1.0693359375000000,-1.1542968750000000
-1.4697265625000000,-1.2412109375000000,-1.3291015625000000,-1.3642578125000000,-1.2324218750000000,-1.2519531250000000,-1.1064453125000000,-1.1933593750000000,-1.3085937500000000
-1.1074218750000000,-1.2744140625000000,-1.5087890625000000,-1.0351562500000000,-1.3554687500000000,-1.4394531250000000,-1.2509765625000000,-1.2656250000000000,-1.3994140625000000
-1.7773437500000000,-1.4218750000000000,-1.4814453125000000,-1.8359375000000000,-1.5410156250000000,-1.5468750000000000,-1.5546875000000000,-1.5996093750000000,-1.5576171875000000
-1.0439453125000000,-1.0078125000000000,-0.8613281250000000,-0.9824218750000000,-0.9565429687500000,-0.7680664062500000,-1.0380859375000000,-0.7719726562500000,-0.6591796875000000
-1.0175781250000000,-1.1044921875000000,-1.1767578125000000,-1.0263671875000000,-1.2304687500000000,-1.1923828125000000,-1.2060546875000000,-1.1923828125000000,-1.2089843750000000
1.0878906250000000,0.7177734375000000,0.5800781250000000,1.1054687500000000,0.8095703125000000,0.6665039062500000,0.8774414062500000,0.9223632812500000,0.7836914062500000
-1.4511718750000000,-1.4707031250000000,-1.6298828125000000,-1.5654296875000000,-1.5664062500000000,-1.6181640625000000,-1.5351562500000000,-1.6875000000000000,-1.6884765625000000
0.3942871093750000,0.2330322265625000,0.0460815429687500,0.4965820312500000,0.3112792968750000,0.2156982421875000,0.3818359375000000,0.4235839843750000,0.3972167968750000
0.5346679687500000,0.9165039062500000,0.9023437500000000,0.5112304687500000,0.8203125000000000,0.9067382812500000,0.8793945312500000,0.7504882812500000,0.8906250000000000
-0.4545898437500000,-0.4633789062500000,-0.5512695312500000,-0.4650878906250000,-0.5727539062500000,-0.5781250000000000,-0.3532714843750000,-0.5634765625000000,-0.5947265625000000
-0.4384765625000000,-0.2257080078125000,-0.2807617187500000,-0.3281250000000000,-0.2978515625000000,-0.2012939453125000,-0.2961425781250000,-0.2224121093750000,-0.1942138671875000
0.6743164062500000,0.5317382812500000,0.5205078125000000,0.5219726562500000,0.5385742187500000,0.4902343750000000,0.7304687500000000,0.4929199218750000,0.4624023437500000
1.7724609375000000,1.7910156250000000,1.8896484375000000,1.7314453125000000,1.8398437500000000,1.9042968750000000,1.7832031250000000,1.8525390625000000,1.9003906250000000
